,time,id,name,owner,category,turnOver,nettoProfit,fixedCost,variableCost
0,2019-02-01,0,"Klocko, Gleichner and Volkman",,LUXURY,0.0,-55.4,55.281042397991214,0.13820260599497802
1,2019-02-01,15,"Cronin, Price and Schiller",,SUPERMARKET,91.3,89.9,1.3037944062925606,0.029335374141582615
2,2019-02-01,30,"Moore, Casper and Marks",,SUPERMARKET,160.1,158.5,1.5248426754381705,0.03430896019735884
3,2019-02-01,45,"Rogahn, Krajcik and Wiza",,ENTERTAINMENT,594.7,590.1,4.574883461073193,0.045748834610731925
4,2019-02-01,1,O'Reilly-Langworth,,LUXURY,1151.3,1118.4,32.89514185155566,0.08223785462888913
5,2019-02-01,16,Effertz Inc,,SUPERMARKET,138.9,137.3,1.6347016292406336,0.036780786657914254
6,2019-02-01,31,Gutmann-Abbott,,RESTAURANT,369.3,365.0,4.345286733492668,0.04345286733492668
7,2019-02-01,46,Hudson LLC,,SUPERMARKET,213.2,211.1,2.030327926182326,0.04568237833910234
8,2019-02-01,2,Beer-Langosh,,SUPERMARKET,187.6,186.3,1.2101994742124738,0.02722948816978066
9,2019-02-01,17,Hodkiewicz-Rodriguez,,MEDICAL,570.4,551.3,19.014789478639944,0.09507394739319971
10,2019-02-01,32,Ullrich-Cremin,,RESTAURANT,495.8,491.2,4.507216373875797,0.04507216373875796
11,2019-02-01,47,"Satterfield, Wehner and Boehm",,ENTERTAINMENT,466.8,462.5,4.243714433448581,0.04243714433448581
12,2019-02-01,3,Mante PLC,,SUPERMARKET,82.9,81.4,1.5072252316481418,0.033912567712083196
13,2019-02-01,18,"Pacocha, Kemmer and Hermann",,SUPERMARKET,78.1,76.8,1.2008193404131342,0.027018435159295518
14,2019-02-01,33,Hand-Dare,,ENTERTAINMENT,555.7,549.8,5.849175571084436,0.05849175571084436
15,2019-02-01,48,Ratke PLC,,SUPERMARKET,89.4,87.7,1.6253896628615263,0.036571267414384344
16,2019-02-01,4,Leffler-Rutherford,,LUXURY,0.0,-56.3,56.19246669494454,0.14048116673736136
17,2019-02-01,19,"Murphy, Nienow and Skiles",,SUPERMARKET,384.9,382.8,1.9736608869344938,0.044407369956026115
18,2019-02-01,34,"Stoltenberg, Pfannerstill and Kiehn",,LUXURY,219.4,175.4,43.876795161191026,0.10969198790297756
19,2019-02-01,49,Rowe PLC,,LUXURY,486.7,454.2,32.44986706736249,0.08112466766840622
20,2019-02-01,5,Medhurst-Beatty,,LUXURY,1316.0,1263.2,52.63855036798776,0.1315963759199694
21,2019-02-01,20,"O'Reilly, Walsh and Gutmann",,ENTERTAINMENT,261.6,255.0,6.539524090063953,0.06539524090063953
22,2019-02-01,35,"Stoltenberg, O'Kon and Beahan",,MEDICAL,391.7,372.1,19.586738250517875,0.09793369125258937
23,2019-02-01,50,"Stanton, Fadel and Rodriguez",,ENTERTAINMENT,339.3,333.1,6.169501029509854,0.06169501029509854
24,2019-02-01,6,"Mitchell, Larson and Cummings",,MEDICAL,635.5,619.5,15.887194307686682,0.0794359715384334
25,2019-02-01,21,"Eichmann, Braun and Marquardt",,RESTAURANT,449.9,445.9,3.911943836478976,0.03911943836478976
26,2019-02-01,36,"White, Wolf and Hyatt",,LUXURY,212.0,169.5,42.40183522590016,0.10600458806475038
27,2019-02-01,51,"Larkin, Greenfelder and Donnelly",,LUXURY,506.4,455.6,50.64041291093899,0.12660103227734748
28,2019-02-01,7,"Graham, Emmerich and Corwin",,LUXURY,208.8,167.0,41.767990098572085,0.10441997524643021
29,2019-02-01,22,Greenholt Group,,SUPERMARKET,218.2,216.5,1.7459249321409556,0.039283310973171504
30,2019-02-01,37,Ledner-Hickle,,SUPERMARKET,73.0,71.5,1.4607539367882039,0.03286696357773459
31,2019-02-01,52,Rempel LLC,,LUXURY,503.9,470.3,33.596070937248776,0.08399017734312195
32,2019-02-01,8,Lebsack-Heaney,,SUPERMARKET,234.4,233.3,1.0902880029251087,0.02453148006581495
33,2019-02-01,23,Sawayn-Kerluke,,MEDICAL,176.0,164.2,11.730790444056286,0.05865395222028143
34,2019-02-01,38,Kub-Stokes,,RESTAURANT,208.1,201.1,6.9366397867513285,0.0693663978675133
35,2019-02-01,53,"Wilderman, Bahringer and Parisian",,RESTAURANT,113.6,109.8,3.786090220550527,0.03786090220550527
36,2019-02-01,9,"Fadel, Jakubowski and Wisoky",,RESTAURANT,504.9,498.1,6.732011949638973,0.06732011949638972
37,2019-02-01,24,Flatley Inc,,ENTERTAINMENT,625.5,618.1,7.359043417496271,0.07359043417496271
38,2019-02-01,39,Hodkiewicz-Rodriguez,,LUXURY,0.0,-29.3,29.25424806822017,0.07313562017055042
39,2019-02-01,54,Connelly-Goyette,,LUXURY,198.4,158.6,39.687250298899826,0.09921812574724956
40,2019-02-01,10,Prohaska Group,,RESTAURANT,466.2,461.3,4.907595103971537,0.04907595103971536
41,2019-02-01,25,Abshire and Sons,,SUPERMARKET,104.9,103.3,1.614426884911631,0.0363246049105117
42,2019-02-01,40,Shanahan-Fadel,,SUPERMARKET,130.8,129.6,1.1891526887879236,0.026755935497728284
43,2019-02-01,55,Lemke-Mitchell,,LUXURY,0.0,-57.4,57.29142994470347,0.14322857486175866
44,2019-02-01,11,"Gutkowski, Schaefer and Goyette",,MEDICAL,413.1,399.2,13.768753521198205,0.06884376760599102
45,2019-02-01,26,"Koch, Schuppe and Hintz",,MEDICAL,171.0,159.5,11.397754251970325,0.05698877125985162
46,2019-02-01,41,Wilkinson Ltd,,LUXURY,643.3,611.1,32.16500208100645,0.08041250520251611
47,2019-02-01,56,Langworth Group,,LUXURY,0.0,-42.0,41.929153244731495,0.10482288311182873
48,2019-02-01,12,"Rau, Turcotte and Rosenbaum",,MEDICAL,0.0,-16.4,16.28583822399089,0.08142919111995446
49,2019-02-01,27,Wolf-Bahringer,,SUPERMARKET,296.1,294.7,1.345734165615543,0.03027901872634972
50,2019-02-01,42,"Kshlerin, Kunze and Wehner",,LUXURY,0.0,-54.4,54.30880224396613,0.1357720056099153
51,2019-02-01,57,Klocko LLC,,MEDICAL,159.3,143.3,15.930517687926653,0.07965258843963327
52,2019-02-01,13,"Farrell, Stoltenberg and Botsford",,SUPERMARKET,323.5,321.6,1.8485322651100198,0.04159197596497545
53,2019-02-01,28,"Ratke, Schumm and Johnston",,RESTAURANT,363.0,356.9,6.050357211079554,0.06050357211079554
54,2019-02-01,43,Boyle Ltd,,MEDICAL,321.1,310.4,10.703701028472903,0.05351850514236451
55,2019-02-01,58,"Douglas, Mohr and Wiegand",,ENTERTAINMENT,782.8,775.9,6.806615364925763,0.06806615364925762
56,2019-02-01,14,Wyman Group,,SUPERMARKET,345.1,343.1,1.917244142303914,0.04313799320183807
57,2019-02-01,29,"Greenholt, Harvey and Ullrich",,ENTERTAINMENT,526.9,519.8,7.024861376840045,0.07024861376840044
58,2019-02-01,44,"Purdy, Okuneva and Kunze",,MEDICAL,336.0,324.7,11.199482439811785,0.055997412199058925
59,2019-02-01,59,"Kiehn, Yost and Konopelski",,MEDICAL,488.0,468.4,19.51989446538864,0.09759947232694319
60,2019-03-01,0,"Klocko, Gleichner and Volkman",,LUXURY,829.2,773.8,55.281042397991214,0.13820260599497802
61,2019-03-01,15,"Cronin, Price and Schiller",,SUPERMARKET,136.9,63.6,1.3037944062925606,0.029335374141582615
62,2019-03-01,30,"Moore, Casper and Marks",,SUPERMARKET,114.4,-14.0,1.5248426754381705,0.03430896019735884
63,2019-03-01,45,"Rogahn, Krajcik and Wiza",,ENTERTAINMENT,320.2,-156.5,4.574883461073193,0.045748834610731925
64,2019-03-01,1,O'Reilly-Langworth,,LUXURY,657.9,-269.8,32.89514185155566,0.08223785462888913
65,2019-03-01,16,Effertz Inc,,SUPERMARKET,155.3,43.8,1.6347016292406336,0.036780786657914254
66,2019-03-01,31,Gutmann-Abbott,,RESTAURANT,325.9,29.5,4.345286733492668,0.04345286733492668
67,2019-03-01,46,Hudson LLC,,SUPERMARKET,132.0,-39.0,2.030327926182326,0.04568237833910234
68,2019-03-01,2,Beer-Langosh,,SUPERMARKET,223.9,73.6,1.2101994742124738,0.02722948816978066
69,2019-03-01,17,Hodkiewicz-Rodriguez,,MEDICAL,760.6,300.4,19.014789478639944,0.09507394739319971
70,2019-03-01,32,Ullrich-Cremin,,RESTAURANT,405.6,8.1,4.507216373875797,0.04507216373875796
71,2019-03-01,47,"Satterfield, Wehner and Boehm",,ENTERTAINMENT,254.6,-119.7,4.243714433448581,0.04243714433448581
72,2019-03-01,3,Mante PLC,,SUPERMARKET,105.5,38.9,1.5072252316481418,0.033912567712083196
73,2019-03-01,18,"Pacocha, Kemmer and Hermann",,SUPERMARKET,54.0,-8.7,1.2008193404131342,0.027018435159295518
74,2019-03-01,33,Hand-Dare,,ENTERTAINMENT,614.2,168.4,5.849175571084436,0.05849175571084436
75,2019-03-01,48,Ratke PLC,,SUPERMARKET,81.3,9.4,1.6253896628615263,0.036571267414384344
76,2019-03-01,4,Leffler-Rutherford,,LUXURY,0.0,-56.3,56.19246669494454,0.14048116673736136
77,2019-03-01,19,"Murphy, Nienow and Skiles",,SUPERMARKET,345.4,37.1,1.9736608869344938,0.044407369956026115
78,2019-03-01,34,"Stoltenberg, Pfannerstill and Kiehn",,LUXURY,219.4,35.1,43.876795161191026,0.10969198790297756
79,2019-03-01,49,Rowe PLC,,LUXURY,0.0,-395.9,32.44986706736249,0.08112466766840622
80,2019-03-01,5,Medhurst-Beatty,,LUXURY,789.6,-273.7,52.63855036798776,0.1315963759199694
81,2019-03-01,20,"O'Reilly, Walsh and Gutmann",,ENTERTAINMENT,359.7,149.1,6.539524090063953,0.06539524090063953
82,2019-03-01,35,"Stoltenberg, O'Kon and Beahan",,MEDICAL,489.7,172.3,19.586738250517875,0.09793369125258937
83,2019-03-01,50,"Stanton, Fadel and Rodriguez",,ENTERTAINMENT,277.6,4.9,6.169501029509854,0.06169501029509854
84,2019-03-01,6,"Mitchell, Larson and Cummings",,MEDICAL,794.4,282.8,15.887194307686682,0.0794359715384334
85,2019-03-01,21,"Eichmann, Braun and Marquardt",,RESTAURANT,195.6,-165.1,3.911943836478976,0.03911943836478976
86,2019-03-01,36,"White, Wolf and Hyatt",,LUXURY,212.0,33.9,42.40183522590016,0.10600458806475038
87,2019-03-01,51,"Larkin, Greenfelder and Donnelly",,LUXURY,759.6,344.3,50.64041291093899,0.12660103227734748
88,2019-03-01,7,"Graham, Emmerich and Corwin",,LUXURY,208.8,33.4,41.767990098572085,0.10441997524643021
89,2019-03-01,22,Greenholt Group,,SUPERMARKET,113.5,-61.5,1.7459249321409556,0.039283310973171504
90,2019-03-01,37,Ledner-Hickle,,SUPERMARKET,124.2,65.4,1.4607539367882039,0.03286696357773459
91,2019-03-01,52,Rempel LLC,,LUXURY,168.0,-241.9,33.596070937248776,0.08399017734312195
92,2019-03-01,8,Lebsack-Heaney,,SUPERMARKET,169.0,-18.8,1.0902880029251087,0.02453148006581495
93,2019-03-01,23,Sawayn-Kerluke,,MEDICAL,586.5,443.4,11.730790444056286,0.05865395222028143
94,2019-03-01,38,Kub-Stokes,,RESTAURANT,381.5,213.6,6.9366397867513285,0.0693663978675133
95,2019-03-01,53,"Wilderman, Bahringer and Parisian",,RESTAURANT,113.6,22.0,3.786090220550527,0.03786090220550527
96,2019-03-01,9,"Fadel, Jakubowski and Wisoky",,RESTAURANT,639.5,234.3,6.732011949638973,0.06732011949638972
97,2019-03-01,24,Flatley Inc,,ENTERTAINMENT,625.5,123.6,7.359043417496271,0.07359043417496271
98,2019-03-01,39,Hodkiewicz-Rodriguez,,LUXURY,146.3,116.9,29.25424806822017,0.07313562017055042
99,2019-03-01,54,Connelly-Goyette,,LUXURY,595.3,428.6,39.687250298899826,0.09921812574724956
100,2019-03-01,10,Prohaska Group,,RESTAURANT,392.6,18.6,4.907595103971537,0.04907595103971536
101,2019-03-01,25,Abshire and Sons,,SUPERMARKET,104.9,20.7,1.614426884911631,0.0363246049105117
102,2019-03-01,40,Shanahan-Fadel,,SUPERMARKET,113.0,8.1,1.1891526887879236,0.026755935497728284
103,2019-03-01,55,Lemke-Mitchell,,LUXURY,0.0,-57.4,57.29142994470347,0.14322857486175866
104,2019-03-01,11,"Gutkowski, Schaefer and Goyette",,MEDICAL,137.7,-195.5,13.768753521198205,0.06884376760599102
105,2019-03-01,26,"Koch, Schuppe and Hintz",,MEDICAL,114.0,-25.1,11.397754251970325,0.05698877125985162
106,2019-03-01,41,Wilkinson Ltd,,LUXURY,160.8,-360.3,32.16500208100645,0.08041250520251611
107,2019-03-01,56,Langworth Group,,LUXURY,628.9,586.9,41.929153244731495,0.10482288311182873
108,2019-03-01,12,"Rau, Turcotte and Rosenbaum",,MEDICAL,162.9,146.5,16.28583822399089,0.08142919111995446
109,2019-03-01,27,Wolf-Bahringer,,SUPERMARKET,228.8,-8.3,1.345734165615543,0.03027901872634972
110,2019-03-01,42,"Kshlerin, Kunze and Wehner",,LUXURY,0.0,-54.4,54.30880224396613,0.1357720056099153
111,2019-03-01,57,Klocko LLC,,MEDICAL,318.6,188.0,15.930517687926653,0.07965258843963327
112,2019-03-01,13,"Farrell, Stoltenberg and Botsford",,SUPERMARKET,305.0,45.8,1.8485322651100198,0.04159197596497545
113,2019-03-01,28,"Ratke, Schumm and Johnston",,RESTAURANT,514.3,222.6,6.050357211079554,0.06050357211079554
114,2019-03-01,43,Boyle Ltd,,MEDICAL,428.1,169.1,10.703701028472903,0.05351850514236451
115,2019-03-01,58,"Douglas, Mohr and Wiegand",,ENTERTAINMENT,578.6,-49.0,6.806615364925763,0.06806615364925762
116,2019-03-01,14,Wyman Group,,SUPERMARKET,325.9,49.5,1.917244142303914,0.04313799320183807
117,2019-03-01,29,"Greenholt, Harvey and Ullrich",,ENTERTAINMENT,421.5,-1.4,7.024861376840045,0.07024861376840044
118,2019-03-01,44,"Purdy, Okuneva and Kunze",,MEDICAL,336.0,64.9,11.199482439811785,0.055997412199058925
119,2019-03-01,59,"Kiehn, Yost and Konopelski",,MEDICAL,488.0,93.7,19.51989446538864,0.09759947232694319
120,2019-04-01,0,"Klocko, Gleichner and Volkman",,LUXURY,276.4,-398.1,55.281042397991214,0.13820260599497802
121,2019-04-01,15,"Cronin, Price and Schiller",,SUPERMARKET,104.3,-5.5,1.3037944062925606,0.029335374141582615
122,2019-04-01,30,"Moore, Casper and Marks",,SUPERMARKET,152.5,60.7,1.5248426754381705,0.03430896019735884
123,2019-04-01,45,"Rogahn, Krajcik and Wiza",,ENTERTAINMENT,366.0,108.9,4.574883461073193,0.045748834610731925
124,2019-04-01,1,O'Reilly-Langworth,,LUXURY,329.0,-204.0,32.89514185155566,0.08223785462888913
125,2019-04-01,16,Effertz Inc,,SUPERMARKET,196.2,71.6,1.6347016292406336,0.036780786657914254
126,2019-04-01,31,Gutmann-Abbott,,RESTAURANT,325.9,64.3,4.345286733492668,0.04345286733492668
127,2019-04-01,46,Hudson LLC,,SUPERMARKET,142.1,36.1,2.030327926182326,0.04568237833910234
128,2019-04-01,2,Beer-Langosh,,SUPERMARKET,229.9,50.6,1.2101994742124738,0.02722948816978066
129,2019-04-01,17,Hodkiewicz-Rodriguez,,MEDICAL,665.5,53.2,19.014789478639944,0.09507394739319971
130,2019-04-01,32,Ullrich-Cremin,,RESTAURANT,270.4,-55.0,4.507216373875797,0.04507216373875796
131,2019-04-01,47,"Satterfield, Wehner and Boehm",,ENTERTAINMENT,403.2,198.6,4.243714433448581,0.04243714433448581
132,2019-04-01,3,Mante PLC,,SUPERMARKET,120.6,35.9,1.5072252316481418,0.033912567712083196
133,2019-04-01,18,"Pacocha, Kemmer and Hermann",,SUPERMARKET,54.0,10.6,1.2008193404131342,0.027018435159295518
134,2019-04-01,33,Hand-Dare,,ENTERTAINMENT,321.7,-170.8,5.849175571084436,0.05849175571084436
135,2019-04-01,48,Ratke PLC,,SUPERMARKET,146.3,80.9,1.6253896628615263,0.036571267414384344
136,2019-04-01,4,Leffler-Rutherford,,LUXURY,0.0,-56.3,56.19246669494454,0.14048116673736136
137,2019-04-01,19,"Murphy, Nienow and Skiles",,SUPERMARKET,434.2,157.5,1.9736608869344938,0.044407369956026115
138,2019-04-01,34,"Stoltenberg, Pfannerstill and Kiehn",,LUXURY,0.0,-184.3,43.876795161191026,0.10969198790297756
139,2019-04-01,49,Rowe PLC,,LUXURY,324.5,-71.4,32.44986706736249,0.08112466766840622
140,2019-04-01,5,Medhurst-Beatty,,LUXURY,1316.0,673.7,52.63855036798776,0.1315963759199694
141,2019-04-01,20,"O'Reilly, Walsh and Gutmann",,ENTERTAINMENT,163.5,-125.6,6.539524090063953,0.06539524090063953
142,2019-04-01,35,"Stoltenberg, O'Kon and Beahan",,MEDICAL,783.5,387.8,19.586738250517875,0.09793369125258937
143,2019-04-01,50,"Stanton, Fadel and Rodriguez",,ENTERTAINMENT,339.3,116.0,6.169501029509854,0.06169501029509854
144,2019-04-01,6,"Mitchell, Larson and Cummings",,MEDICAL,635.5,-3.2,15.887194307686682,0.0794359715384334
145,2019-04-01,21,"Eichmann, Braun and Marquardt",,RESTAURANT,273.8,116.6,3.911943836478976,0.03911943836478976
146,2019-04-01,36,"White, Wolf and Hyatt",,LUXURY,212.0,33.9,42.40183522590016,0.10600458806475038
147,2019-04-01,51,"Larkin, Greenfelder and Donnelly",,LUXURY,759.6,141.8,50.64041291093899,0.12660103227734748
148,2019-04-01,7,"Graham, Emmerich and Corwin",,LUXURY,208.8,33.4,41.767990098572085,0.10441997524643021
149,2019-04-01,22,Greenholt Group,,SUPERMARKET,183.3,92.2,1.7459249321409556,0.039283310973171504
150,2019-04-01,37,Ledner-Hickle,,SUPERMARKET,124.2,24.5,1.4607539367882039,0.03286696357773459
151,2019-04-01,52,Rempel LLC,,LUXURY,168.0,26.9,33.596070937248776,0.08399017734312195
152,2019-04-01,8,Lebsack-Heaney,,SUPERMARKET,190.8,55.4,1.0902880029251087,0.02453148006581495
153,2019-04-01,23,Sawayn-Kerluke,,MEDICAL,293.3,-178.3,11.730790444056286,0.05865395222028143
154,2019-04-01,38,Kub-Stokes,,RESTAURANT,381.5,74.9,6.9366397867513285,0.0693663978675133
155,2019-04-01,53,"Wilderman, Bahringer and Parisian",,RESTAURANT,246.1,154.5,3.786090220550527,0.03786090220550527
156,2019-04-01,9,"Fadel, Jakubowski and Wisoky",,RESTAURANT,504.9,-8.1,6.732011949638973,0.06732011949638972
157,2019-04-01,24,Flatley Inc,,ENTERTAINMENT,588.7,86.8,7.359043417496271,0.07359043417496271
158,2019-04-01,39,Hodkiewicz-Rodriguez,,LUXURY,585.1,462.2,29.25424806822017,0.07313562017055042
159,2019-04-01,54,Connelly-Goyette,,LUXURY,595.3,111.1,39.687250298899826,0.09921812574724956
160,2019-04-01,10,Prohaska Group,,RESTAURANT,269.9,-45.2,4.907595103971537,0.04907595103971536
161,2019-04-01,25,Abshire and Sons,,SUPERMARKET,121.1,36.8,1.614426884911631,0.0363246049105117
162,2019-04-01,40,Shanahan-Fadel,,SUPERMARKET,130.8,40.2,1.1891526887879236,0.026755935497728284
163,2019-04-01,55,Lemke-Mitchell,,LUXURY,859.4,801.9,57.29142994470347,0.14322857486175866
164,2019-04-01,11,"Gutkowski, Schaefer and Goyette",,MEDICAL,206.5,93.6,13.768753521198205,0.06884376760599102
165,2019-04-01,26,"Koch, Schuppe and Hintz",,MEDICAL,57.0,-36.5,11.397754251970325,0.05698877125985162
166,2019-04-01,41,Wilkinson Ltd,,LUXURY,321.7,186.5,32.16500208100645,0.08041250520251611
167,2019-04-01,56,Langworth Group,,LUXURY,628.9,117.4,41.929153244731495,0.10482288311182873
168,2019-04-01,12,"Rau, Turcotte and Rosenbaum",,MEDICAL,244.3,110.7,16.28583822399089,0.08142919111995446
169,2019-04-01,27,Wolf-Bahringer,,SUPERMARKET,255.7,72.4,1.345734165615543,0.03027901872634972
170,2019-04-01,42,"Kshlerin, Kunze and Wehner",,LUXURY,1357.7,1303.3,54.30880224396613,0.1357720056099153
171,2019-04-01,57,Klocko LLC,,MEDICAL,239.0,-19.1,15.930517687926653,0.07965258843963327
172,2019-04-01,13,"Farrell, Stoltenberg and Botsford",,SUPERMARKET,388.2,143.8,1.8485322651100198,0.04159197596497545
173,2019-04-01,28,"Ratke, Schumm and Johnston",,RESTAURANT,423.5,10.9,6.050357211079554,0.06050357211079554
174,2019-04-01,43,Boyle Ltd,,MEDICAL,535.2,190.5,10.703701028472903,0.05351850514236451
175,2019-04-01,58,"Douglas, Mohr and Wiegand",,ENTERTAINMENT,476.5,12.2,6.806615364925763,0.06806615364925762
176,2019-04-01,14,Wyman Group,,SUPERMARKET,354.7,93.6,1.917244142303914,0.04313799320183807
177,2019-04-01,29,"Greenholt, Harvey and Ullrich",,ENTERTAINMENT,526.9,188.3,7.024861376840045,0.07024861376840044
178,2019-04-01,44,"Purdy, Okuneva and Kunze",,MEDICAL,168.0,-103.0,11.199482439811785,0.055997412199058925
179,2019-04-01,59,"Kiehn, Yost and Konopelski",,MEDICAL,195.2,-199.1,19.51989446538864,0.09759947232694319
180,2019-05-01,0,"Klocko, Gleichner and Volkman",,LUXURY,276.4,44.2,55.281042397991214,0.13820260599497802
181,2019-05-01,15,"Cronin, Price and Schiller",,SUPERMARKET,123.9,40.2,1.3037944062925606,0.029335374141582615
182,2019-05-01,30,"Moore, Casper and Marks",,SUPERMARKET,137.2,14.9,1.5248426754381705,0.03430896019735884
183,2019-05-01,45,"Rogahn, Krajcik and Wiza",,ENTERTAINMENT,274.5,-19.2,4.574883461073193,0.045748834610731925
184,2019-05-01,1,O'Reilly-Langworth,,LUXURY,493.4,223.7,32.89514185155566,0.08223785462888913
185,2019-05-01,16,Effertz Inc,,SUPERMARKET,171.6,14.4,1.6347016292406336,0.036780786657914254
186,2019-05-01,31,Gutmann-Abbott,,RESTAURANT,304.2,42.6,4.345286733492668,0.04345286733492668
187,2019-05-01,46,Hudson LLC,,SUPERMARKET,182.7,68.6,2.030327926182326,0.04568237833910234
188,2019-05-01,2,Beer-Langosh,,SUPERMARKET,242.0,57.8,1.2101994742124738,0.02722948816978066
189,2019-05-01,17,Hodkiewicz-Rodriguez,,MEDICAL,665.5,129.3,19.014789478639944,0.09507394739319971
190,2019-05-01,32,Ullrich-Cremin,,RESTAURANT,338.0,120.8,4.507216373875797,0.04507216373875796
191,2019-05-01,47,"Satterfield, Wehner and Boehm",,ENTERTAINMENT,318.3,-5.1,4.243714433448581,0.04243714433448581
192,2019-05-01,3,Mante PLC,,SUPERMARKET,82.9,-13.9,1.5072252316481418,0.033912567712083196
193,2019-05-01,18,"Pacocha, Kemmer and Hermann",,SUPERMARKET,84.1,40.6,1.2008193404131342,0.027018435159295518
194,2019-05-01,33,Hand-Dare,,ENTERTAINMENT,584.9,326.4,5.849175571084436,0.05849175571084436
195,2019-05-01,48,Ratke PLC,,SUPERMARKET,97.5,-19.8,1.6253896628615263,0.036571267414384344
196,2019-05-01,4,Leffler-Rutherford,,LUXURY,281.0,224.6,56.19246669494454,0.14048116673736136
197,2019-05-01,19,"Murphy, Nienow and Skiles",,SUPERMARKET,335.5,-12.2,1.9736608869344938,0.044407369956026115
198,2019-05-01,34,"Stoltenberg, Pfannerstill and Kiehn",,LUXURY,1096.9,912.6,43.876795161191026,0.10969198790297756
199,2019-05-01,49,Rowe PLC,,LUXURY,324.5,58.4,32.44986706736249,0.08112466766840622
200,2019-05-01,5,Medhurst-Beatty,,LUXURY,1579.2,515.8,52.63855036798776,0.1315963759199694
201,2019-05-01,20,"O'Reilly, Walsh and Gutmann",,ENTERTAINMENT,261.6,129.5,6.539524090063953,0.06539524090063953
202,2019-05-01,35,"Stoltenberg, O'Kon and Beahan",,MEDICAL,783.5,152.8,19.586738250517875,0.09793369125258937
203,2019-05-01,50,"Stanton, Fadel and Rodriguez",,ENTERTAINMENT,185.1,-87.6,6.169501029509854,0.06169501029509854
204,2019-05-01,6,"Mitchell, Larson and Cummings",,MEDICAL,556.1,44.5,15.887194307686682,0.0794359715384334
205,2019-05-01,21,"Eichmann, Braun and Marquardt",,RESTAURANT,371.6,151.8,3.911943836478976,0.03911943836478976
206,2019-05-01,36,"White, Wolf and Hyatt",,LUXURY,212.0,33.9,42.40183522590016,0.10600458806475038
207,2019-05-01,51,"Larkin, Greenfelder and Donnelly",,LUXURY,253.2,-364.6,50.64041291093899,0.12660103227734748
208,2019-05-01,7,"Graham, Emmerich and Corwin",,LUXURY,0.0,-175.4,41.767990098572085,0.10441997524643021
209,2019-05-01,22,Greenholt Group,,SUPERMARKET,157.1,10.1,1.7459249321409556,0.039283310973171504
210,2019-05-01,37,Ledner-Hickle,,SUPERMARKET,153.4,53.7,1.4607539367882039,0.03286696357773459
211,2019-05-01,52,Rempel LLC,,LUXURY,168.0,26.9,33.596070937248776,0.08399017734312195
212,2019-05-01,8,Lebsack-Heaney,,SUPERMARKET,163.5,10.7,1.0902880029251087,0.02453148006581495
213,2019-05-01,23,Sawayn-Kerluke,,MEDICAL,469.2,232.3,11.730790444056286,0.05865395222028143
214,2019-05-01,38,Kub-Stokes,,RESTAURANT,242.8,-63.8,6.9366397867513285,0.0693663978675133
215,2019-05-01,53,"Wilderman, Bahringer and Parisian",,RESTAURANT,170.4,-27.3,3.786090220550527,0.03786090220550527
216,2019-05-01,9,"Fadel, Jakubowski and Wisoky",,RESTAURANT,437.6,32.3,6.732011949638973,0.06732011949638972
217,2019-05-01,24,Flatley Inc,,ENTERTAINMENT,551.9,79.5,7.359043417496271,0.07359043417496271
218,2019-05-01,39,Hodkiewicz-Rodriguez,,LUXURY,292.5,-181.4,29.25424806822017,0.07313562017055042
219,2019-05-01,54,Connelly-Goyette,,LUXURY,595.3,111.1,39.687250298899826,0.09921812574724956
220,2019-05-01,10,Prohaska Group,,RESTAURANT,490.8,273.8,4.907595103971537,0.04907595103971536
221,2019-05-01,25,Abshire and Sons,,SUPERMARKET,121.1,23.9,1.614426884911631,0.0363246049105117
222,2019-05-01,40,Shanahan-Fadel,,SUPERMARKET,118.9,14.0,1.1891526887879236,0.026755935497728284
223,2019-05-01,55,Lemke-Mitchell,,LUXURY,1145.8,446.8,57.29142994470347,0.14322857486175866
224,2019-05-01,11,"Gutkowski, Schaefer and Goyette",,MEDICAL,68.8,-99.1,13.768753521198205,0.06884376760599102
225,2019-05-01,26,"Koch, Schuppe and Hintz",,MEDICAL,171.0,123.1,11.397754251970325,0.05698877125985162
226,2019-05-01,41,Wilkinson Ltd,,LUXURY,321.7,57.9,32.16500208100645,0.08041250520251611
227,2019-05-01,56,Langworth Group,,LUXURY,419.3,-92.3,41.929153244731495,0.10482288311182873
228,2019-05-01,12,"Rau, Turcotte and Rosenbaum",,MEDICAL,162.9,-35.8,16.28583822399089,0.08142919111995446
229,2019-05-01,27,Wolf-Bahringer,,SUPERMARKET,228.8,23.9,1.345734165615543,0.03027901872634972
230,2019-05-01,42,"Kshlerin, Kunze and Wehner",,LUXURY,1086.2,-10.9,54.30880224396613,0.1357720056099153
231,2019-05-01,57,Klocko LLC,,MEDICAL,477.9,283.5,15.930517687926653,0.07965258843963327
232,2019-05-01,13,"Farrell, Stoltenberg and Botsford",,SUPERMARKET,360.5,49.5,1.8485322651100198,0.04159197596497545
233,2019-05-01,28,"Ratke, Schumm and Johnston",,RESTAURANT,574.8,234.7,6.050357211079554,0.06050357211079554
234,2019-05-01,43,Boyle Ltd,,MEDICAL,267.6,-162.7,10.703701028472903,0.05351850514236451
235,2019-05-01,58,"Douglas, Mohr and Wiegand",,ENTERTAINMENT,442.4,59.9,6.806615364925763,0.06806615364925762
236,2019-05-01,14,Wyman Group,,SUPERMARKET,278.0,-6.1,1.917244142303914,0.04313799320183807
237,2019-05-01,29,"Greenholt, Harvey and Ullrich",,ENTERTAINMENT,632.2,209.3,7.024861376840045,0.07024861376840044
238,2019-05-01,44,"Purdy, Okuneva and Kunze",,MEDICAL,224.0,87.3,11.199482439811785,0.055997412199058925
239,2019-05-01,59,"Kiehn, Yost and Konopelski",,MEDICAL,488.0,327.9,19.51989446538864,0.09759947232694319
240,2019-06-01,0,"Klocko, Gleichner and Volkman",,LUXURY,1382.0,1149.8,55.281042397991214,0.13820260599497802
241,2019-06-01,15,"Cronin, Price and Schiller",,SUPERMARKET,123.9,24.5,1.3037944062925606,0.029335374141582615
242,2019-06-01,30,"Moore, Casper and Marks",,SUPERMARKET,91.5,-18.6,1.5248426754381705,0.03430896019735884
243,2019-06-01,45,"Rogahn, Krajcik and Wiza",,ENTERTAINMENT,457.5,237.0,4.574883461073193,0.045748834610731925
244,2019-06-01,1,O'Reilly-Langworth,,LUXURY,329.0,-72.4,32.89514185155566,0.08223785462888913
245,2019-06-01,16,Effertz Inc,,SUPERMARKET,179.8,42.2,1.6347016292406336,0.036780786657914254
246,2019-06-01,31,Gutmann-Abbott,,RESTAURANT,347.6,103.4,4.345286733492668,0.04345286733492668
247,2019-06-01,46,Hudson LLC,,SUPERMARKET,223.3,76.7,2.030327926182326,0.04568237833910234
248,2019-06-01,2,Beer-Langosh,,SUPERMARKET,242.0,48.2,1.2101994742124738,0.02722948816978066
249,2019-06-01,17,Hodkiewicz-Rodriguez,,MEDICAL,760.6,224.4,19.014789478639944,0.09507394739319971
250,2019-06-01,32,Ullrich-Cremin,,RESTAURANT,428.2,156.8,4.507216373875797,0.04507216373875796
251,2019-06-01,47,"Satterfield, Wehner and Boehm",,ENTERTAINMENT,339.5,84.0,4.243714433448581,0.04243714433448581
252,2019-06-01,3,Mante PLC,,SUPERMARKET,90.4,23.8,1.5072252316481418,0.033912567712083196
253,2019-06-01,18,"Pacocha, Kemmer and Hermann",,SUPERMARKET,96.1,28.6,1.2008193404131342,0.027018435159295518
254,2019-06-01,33,Hand-Dare,,ENTERTAINMENT,292.5,-176.7,5.849175571084436,0.05849175571084436
255,2019-06-01,48,Ratke PLC,,SUPERMARKET,113.8,35.4,1.6253896628615263,0.036571267414384344
256,2019-06-01,4,Leffler-Rutherford,,LUXURY,561.9,325.9,56.19246669494454,0.14048116673736136
257,2019-06-01,19,"Murphy, Nienow and Skiles",,SUPERMARKET,305.9,37.1,1.9736608869344938,0.044407369956026115
258,2019-06-01,34,"Stoltenberg, Pfannerstill and Kiehn",,LUXURY,438.8,-447.6,43.876795161191026,0.10969198790297756
259,2019-06-01,49,Rowe PLC,,LUXURY,162.2,-103.9,32.44986706736249,0.08112466766840622
260,2019-06-01,5,Medhurst-Beatty,,LUXURY,2895.1,1621.2,52.63855036798776,0.1315963759199694
261,2019-06-01,20,"O'Reilly, Walsh and Gutmann",,ENTERTAINMENT,196.2,-14.4,6.539524090063953,0.06539524090063953
262,2019-06-01,35,"Stoltenberg, O'Kon and Beahan",,MEDICAL,1077.3,446.6,19.586738250517875,0.09793369125258937
263,2019-06-01,50,"Stanton, Fadel and Rodriguez",,ENTERTAINMENT,185.1,35.8,6.169501029509854,0.06169501029509854
264,2019-06-01,6,"Mitchell, Larson and Cummings",,MEDICAL,635.5,187.5,15.887194307686682,0.0794359715384334
265,2019-06-01,21,"Eichmann, Braun and Marquardt",,RESTAURANT,391.2,93.1,3.911943836478976,0.03911943836478976
266,2019-06-01,36,"White, Wolf and Hyatt",,LUXURY,424.0,245.9,42.40183522590016,0.10600458806475038
267,2019-06-01,51,"Larkin, Greenfelder and Donnelly",,LUXURY,759.6,546.9,50.64041291093899,0.12660103227734748
268,2019-06-01,7,"Graham, Emmerich and Corwin",,LUXURY,0.0,-175.4,41.767990098572085,0.10441997524643021
269,2019-06-01,22,Greenholt Group,,SUPERMARKET,87.3,-38.8,1.7459249321409556,0.039283310973171504
270,2019-06-01,37,Ledner-Hickle,,SUPERMARKET,153.4,30.4,1.4607539367882039,0.03286696357773459
271,2019-06-01,52,Rempel LLC,,LUXURY,671.9,530.8,33.596070937248776,0.08399017734312195
272,2019-06-01,8,Lebsack-Heaney,,SUPERMARKET,179.9,48.8,1.0902880029251087,0.02453148006581495
273,2019-06-01,23,Sawayn-Kerluke,,MEDICAL,586.5,208.8,11.730790444056286,0.05865395222028143
274,2019-06-01,38,Kub-Stokes,,RESTAURANT,173.4,-22.2,6.9366397867513285,0.0693663978675133
275,2019-06-01,53,"Wilderman, Bahringer and Parisian",,RESTAURANT,94.7,-42.4,3.786090220550527,0.03786090220550527
276,2019-06-01,9,"Fadel, Jakubowski and Wisoky",,RESTAURANT,639.5,288.1,6.732011949638973,0.06732011949638972
277,2019-06-01,24,Flatley Inc,,ENTERTAINMENT,735.9,292.9,7.359043417496271,0.07359043417496271
278,2019-06-01,39,Hodkiewicz-Rodriguez,,LUXURY,292.5,52.6,29.25424806822017,0.07313562017055042
279,2019-06-01,54,Connelly-Goyette,,LUXURY,396.9,-87.3,39.687250298899826,0.09921812574724956
280,2019-06-01,10,Prohaska Group,,RESTAURANT,466.2,72.6,4.907595103971537,0.04907595103971536
281,2019-06-01,25,Abshire and Sons,,SUPERMARKET,129.2,32.0,1.614426884911631,0.0363246049105117
282,2019-06-01,40,Shanahan-Fadel,,SUPERMARKET,95.1,-0.2,1.1891526887879236,0.026755935497728284
283,2019-06-01,55,Lemke-Mitchell,,LUXURY,859.4,-68.8,57.29142994470347,0.14322857486175866
284,2019-06-01,11,"Gutkowski, Schaefer and Goyette",,MEDICAL,206.5,148.7,13.768753521198205,0.06884376760599102
285,2019-06-01,26,"Koch, Schuppe and Hintz",,MEDICAL,455.9,316.8,11.397754251970325,0.05698877125985162
286,2019-06-01,41,Wilkinson Ltd,,LUXURY,321.7,57.9,32.16500208100645,0.08041250520251611
287,2019-06-01,56,Langworth Group,,LUXURY,419.3,75.5,41.929153244731495,0.10482288311182873
288,2019-06-01,12,"Rau, Turcotte and Rosenbaum",,MEDICAL,325.7,192.2,16.28583822399089,0.08142919111995446
289,2019-06-01,27,Wolf-Bahringer,,SUPERMARKET,255.7,72.4,1.345734165615543,0.03027901872634972
290,2019-06-01,42,"Kshlerin, Kunze and Wehner",,LUXURY,271.5,-608.3,54.30880224396613,0.1357720056099153
291,2019-06-01,57,Klocko LLC,,MEDICAL,318.6,-66.9,15.930517687926653,0.07965258843963327
292,2019-06-01,13,"Farrell, Stoltenberg and Botsford",,SUPERMARKET,332.7,44.0,1.8485322651100198,0.04159197596497545
293,2019-06-01,28,"Ratke, Schumm and Johnston",,RESTAURANT,363.0,-98.0,6.050357211079554,0.06050357211079554
294,2019-06-01,43,Boyle Ltd,,MEDICAL,535.2,319.0,10.703701028472903,0.05351850514236451
295,2019-06-01,58,"Douglas, Mohr and Wiegand",,ENTERTAINMENT,680.7,325.3,6.806615364925763,0.06806615364925762
296,2019-06-01,14,Wyman Group,,SUPERMARKET,335.5,112.7,1.917244142303914,0.04313799320183807
297,2019-06-01,29,"Greenholt, Harvey and Ullrich",,ENTERTAINMENT,667.4,160.2,7.024861376840045,0.07024861376840044
298,2019-06-01,44,"Purdy, Okuneva and Kunze",,MEDICAL,168.0,-13.5,11.199482439811785,0.055997412199058925
299,2019-06-01,59,"Kiehn, Yost and Konopelski",,MEDICAL,488.0,93.7,19.51989446538864,0.09759947232694319
300,2019-07-01,0,"Klocko, Gleichner and Volkman",,LUXURY,829.2,-287.5,55.281042397991214,0.13820260599497802
301,2019-07-01,15,"Cronin, Price and Schiller",,SUPERMARKET,176.0,76.7,1.3037944062925606,0.029335374141582615
302,2019-07-01,30,"Moore, Casper and Marks",,SUPERMARKET,152.5,79.0,1.5248426754381705,0.03430896019735884
303,2019-07-01,45,"Rogahn, Krajcik and Wiza",,ENTERTAINMENT,228.7,-138.2,4.574883461073193,0.045748834610731925
304,2019-07-01,1,O'Reilly-Langworth,,LUXURY,493.4,223.7,32.89514185155566,0.08223785462888913
305,2019-07-01,16,Effertz Inc,,SUPERMARKET,163.5,19.3,1.6347016292406336,0.036780786657914254
306,2019-07-01,31,Gutmann-Abbott,,RESTAURANT,434.5,155.6,4.345286733492668,0.04345286733492668
307,2019-07-01,46,Hudson LLC,,SUPERMARKET,172.6,-6.5,2.030327926182326,0.04568237833910234
308,2019-07-01,2,Beer-Langosh,,SUPERMARKET,217.8,24.0,1.2101994742124738,0.02722948816978066
309,2019-07-01,17,Hodkiewicz-Rodriguez,,MEDICAL,665.5,53.2,19.014789478639944,0.09507394739319971
310,2019-07-01,32,Ullrich-Cremin,,RESTAURANT,293.0,-50.5,4.507216373875797,0.04507216373875796
311,2019-07-01,47,"Satterfield, Wehner and Boehm",,ENTERTAINMENT,445.6,173.1,4.243714433448581,0.04243714433448581
312,2019-07-01,3,Mante PLC,,SUPERMARKET,143.2,70.5,1.5072252316481418,0.033912567712083196
313,2019-07-01,18,"Pacocha, Kemmer and Hermann",,SUPERMARKET,96.1,19.0,1.2008193404131342,0.027018435159295518
314,2019-07-01,33,Hand-Dare,,ENTERTAINMENT,292.5,57.3,5.849175571084436,0.05849175571084436
315,2019-07-01,48,Ratke PLC,,SUPERMARKET,81.3,-10.1,1.6253896628615263,0.036571267414384344
316,2019-07-01,4,Leffler-Rutherford,,LUXURY,0.0,-460.8,56.19246669494454,0.14048116673736136
317,2019-07-01,19,"Murphy, Nienow and Skiles",,SUPERMARKET,365.1,120.0,1.9736608869344938,0.044407369956026115
318,2019-07-01,34,"Stoltenberg, Pfannerstill and Kiehn",,LUXURY,0.0,-359.8,43.876795161191026,0.10969198790297756
319,2019-07-01,49,Rowe PLC,,LUXURY,486.7,350.4,32.44986706736249,0.08112466766840622
320,2019-07-01,5,Medhurst-Beatty,,LUXURY,789.6,-1537.1,52.63855036798776,0.1315963759199694
321,2019-07-01,20,"O'Reilly, Walsh and Gutmann",,ENTERTAINMENT,228.9,70.6,6.539524090063953,0.06539524090063953
322,2019-07-01,35,"Stoltenberg, O'Kon and Beahan",,MEDICAL,685.5,-180.2,19.586738250517875,0.09793369125258937
323,2019-07-01,50,"Stanton, Fadel and Rodriguez",,ENTERTAINMENT,339.3,190.0,6.169501029509854,0.06169501029509854
324,2019-07-01,6,"Mitchell, Larson and Cummings",,MEDICAL,714.9,203.3,15.887194307686682,0.0794359715384334
325,2019-07-01,21,"Eichmann, Braun and Marquardt",,RESTAURANT,332.5,18.8,3.911943836478976,0.03911943836478976
326,2019-07-01,36,"White, Wolf and Hyatt",,LUXURY,424.0,76.3,42.40183522590016,0.10600458806475038
327,2019-07-01,51,"Larkin, Greenfelder and Donnelly",,LUXURY,253.2,-364.6,50.64041291093899,0.12660103227734748
328,2019-07-01,7,"Graham, Emmerich and Corwin",,LUXURY,0.0,-175.4,41.767990098572085,0.10441997524643021
329,2019-07-01,22,Greenholt Group,,SUPERMARKET,122.2,52.0,1.7459249321409556,0.039283310973171504
330,2019-07-01,37,Ledner-Hickle,,SUPERMARKET,131.5,8.5,1.4607539367882039,0.03286696357773459
331,2019-07-01,52,Rempel LLC,,LUXURY,0.0,-544.3,33.596070937248776,0.08399017734312195
332,2019-07-01,8,Lebsack-Heaney,,SUPERMARKET,207.2,63.0,1.0902880029251087,0.02453148006581495
333,2019-07-01,23,Sawayn-Kerluke,,MEDICAL,703.8,232.3,11.730790444056286,0.05865395222028143
334,2019-07-01,38,Kub-Stokes,,RESTAURANT,173.4,33.3,6.9366397867513285,0.0693663978675133
335,2019-07-01,53,"Wilderman, Bahringer and Parisian",,RESTAURANT,132.5,56.0,3.786090220550527,0.03786090220550527
336,2019-07-01,9,"Fadel, Jakubowski and Wisoky",,RESTAURANT,504.9,-8.1,6.732011949638973,0.06732011949638972
337,2019-07-01,24,Flatley Inc,,ENTERTAINMENT,331.2,-259.1,7.359043417496271,0.07359043417496271
338,2019-07-01,39,Hodkiewicz-Rodriguez,,LUXURY,146.3,-93.6,29.25424806822017,0.07313562017055042
339,2019-07-01,54,Connelly-Goyette,,LUXURY,793.7,468.3,39.687250298899826,0.09921812574724956
340,2019-07-01,10,Prohaska Group,,RESTAURANT,490.8,116.8,4.907595103971537,0.04907595103971536
341,2019-07-01,25,Abshire and Sons,,SUPERMARKET,153.4,49.7,1.614426884911631,0.0363246049105117
342,2019-07-01,40,Shanahan-Fadel,,SUPERMARKET,77.3,0.9,1.1891526887879236,0.026755935497728284
343,2019-07-01,55,Lemke-Mitchell,,LUXURY,2291.7,1592.7,57.29142994470347,0.14322857486175866
344,2019-07-01,11,"Gutkowski, Schaefer and Goyette",,MEDICAL,413.1,245.1,13.768753521198205,0.06884376760599102
345,2019-07-01,26,"Koch, Schuppe and Hintz",,MEDICAL,284.9,-82.1,11.397754251970325,0.05698877125985162
346,2019-07-01,41,Wilkinson Ltd,,LUXURY,160.8,-102.9,32.16500208100645,0.08041250520251611
347,2019-07-01,56,Langworth Group,,LUXURY,419.3,75.5,41.929153244731495,0.10482288311182873
348,2019-07-01,12,"Rau, Turcotte and Rosenbaum",,MEDICAL,325.7,61.9,16.28583822399089,0.08142919111995446
349,2019-07-01,27,Wolf-Bahringer,,SUPERMARKET,228.8,23.9,1.345734165615543,0.03027901872634972
350,2019-07-01,42,"Kshlerin, Kunze and Wehner",,LUXURY,543.1,315.0,54.30880224396613,0.1357720056099153
351,2019-07-01,57,Klocko LLC,,MEDICAL,477.9,219.8,15.930517687926653,0.07965258843963327
352,2019-07-01,13,"Farrell, Stoltenberg and Botsford",,SUPERMARKET,314.3,47.7,1.8485322651100198,0.04159197596497545
353,2019-07-01,28,"Ratke, Schumm and Johnston",,RESTAURANT,544.5,252.9,6.050357211079554,0.06050357211079554
354,2019-07-01,43,Boyle Ltd,,MEDICAL,321.1,-109.2,10.703701028472903,0.05351850514236451
355,2019-07-01,58,"Douglas, Mohr and Wiegand",,ENTERTAINMENT,510.5,-35.4,6.806615364925763,0.06806615364925762
356,2019-07-01,14,Wyman Group,,SUPERMARKET,364.3,95.5,1.917244142303914,0.04313799320183807
357,2019-07-01,29,"Greenholt, Harvey and Ullrich",,ENTERTAINMENT,807.9,272.6,7.024861376840045,0.07024861376840044
358,2019-07-01,44,"Purdy, Okuneva and Kunze",,MEDICAL,56.0,-80.6,11.199482439811785,0.055997412199058925
359,2019-07-01,59,"Kiehn, Yost and Konopelski",,MEDICAL,292.8,-101.5,19.51989446538864,0.09759947232694319
360,2019-08-01,0,"Klocko, Gleichner and Volkman",,LUXURY,829.2,154.8,55.281042397991214,0.13820260599497802
361,2019-08-01,15,"Cronin, Price and Schiller",,SUPERMARKET,117.3,-23.7,1.3037944062925606,0.029335374141582615
362,2019-08-01,30,"Moore, Casper and Marks",,SUPERMARKET,99.1,-23.2,1.5248426754381705,0.03430896019735884
363,2019-08-01,45,"Rogahn, Krajcik and Wiza",,ENTERTAINMENT,366.0,182.1,4.574883461073193,0.045748834610731925
364,2019-08-01,1,O'Reilly-Langworth,,LUXURY,657.9,256.6,32.89514185155566,0.08223785462888913
365,2019-08-01,16,Effertz Inc,,SUPERMARKET,179.8,48.7,1.6347016292406336,0.036780786657914254
366,2019-08-01,31,Gutmann-Abbott,,RESTAURANT,391.1,42.6,4.345286733492668,0.04345286733492668
367,2019-08-01,46,Hudson LLC,,SUPERMARKET,162.4,23.9,2.030327926182326,0.04568237833910234
368,2019-08-01,2,Beer-Langosh,,SUPERMARKET,199.7,25.2,1.2101994742124738,0.02722948816978066
369,2019-08-01,17,Hodkiewicz-Rodriguez,,MEDICAL,1140.9,604.7,19.014789478639944,0.09507394739319971
370,2019-08-01,32,Ullrich-Cremin,,RESTAURANT,405.6,170.4,4.507216373875797,0.04507216373875796
371,2019-08-01,47,"Satterfield, Wehner and Boehm",,ENTERTAINMENT,360.7,3.4,4.243714433448581,0.04243714433448581
372,2019-08-01,3,Mante PLC,,SUPERMARKET,67.8,-47.0,1.5072252316481418,0.033912567712083196
373,2019-08-01,18,"Pacocha, Kemmer and Hermann",,SUPERMARKET,102.1,25.0,1.2008193404131342,0.027018435159295518
374,2019-08-01,33,Hand-Dare,,ENTERTAINMENT,497.2,262.0,5.849175571084436,0.05849175571084436
375,2019-08-01,48,Ratke PLC,,SUPERMARKET,138.2,72.8,1.6253896628615263,0.036571267414384344
376,2019-08-01,4,Leffler-Rutherford,,LUXURY,842.9,382.1,56.19246669494454,0.14048116673736136
377,2019-08-01,19,"Murphy, Nienow and Skiles",,SUPERMARKET,305.9,13.4,1.9736608869344938,0.044407369956026115
378,2019-08-01,34,"Stoltenberg, Pfannerstill and Kiehn",,LUXURY,219.4,-140.4,43.876795161191026,0.10969198790297756
379,2019-08-01,49,Rowe PLC,,LUXURY,162.2,-233.7,32.44986706736249,0.08112466766840622
380,2019-08-01,5,Medhurst-Beatty,,LUXURY,263.2,-379.0,52.63855036798776,0.1315963759199694
381,2019-08-01,20,"O'Reilly, Walsh and Gutmann",,ENTERTAINMENT,228.9,44.5,6.539524090063953,0.06539524090063953
382,2019-08-01,35,"Stoltenberg, O'Kon and Beahan",,MEDICAL,685.5,133.2,19.586738250517875,0.09793369125258937
383,2019-08-01,50,"Stanton, Fadel and Rodriguez",,ENTERTAINMENT,339.3,66.6,6.169501029509854,0.06169501029509854
384,2019-08-01,6,"Mitchell, Larson and Cummings",,MEDICAL,476.6,-98.5,15.887194307686682,0.0794359715384334
385,2019-08-01,21,"Eichmann, Braun and Marquardt",,RESTAURANT,234.7,-32.1,3.911943836478976,0.03911943836478976
386,2019-08-01,36,"White, Wolf and Hyatt",,LUXURY,212.0,-135.7,42.40183522590016,0.10600458806475038
387,2019-08-01,51,"Larkin, Greenfelder and Donnelly",,LUXURY,1266.0,1053.3,50.64041291093899,0.12660103227734748
388,2019-08-01,7,"Graham, Emmerich and Corwin",,LUXURY,0.0,-175.4,41.767990098572085,0.10441997524643021
389,2019-08-01,22,Greenholt Group,,SUPERMARKET,200.8,102.7,1.7459249321409556,0.039283310973171504
390,2019-08-01,37,Ledner-Hickle,,SUPERMARKET,109.6,4.1,1.4607539367882039,0.03286696357773459
391,2019-08-01,52,Rempel LLC,,LUXURY,0.0,-544.3,33.596070937248776,0.08399017734312195
392,2019-08-01,8,Lebsack-Heaney,,SUPERMARKET,201.7,35.8,1.0902880029251087,0.02453148006581495
393,2019-08-01,23,Sawayn-Kerluke,,MEDICAL,469.2,-96.2,11.730790444056286,0.05865395222028143
394,2019-08-01,38,Kub-Stokes,,RESTAURANT,242.8,102.6,6.9366397867513285,0.0693663978675133
395,2019-08-01,53,"Wilderman, Bahringer and Parisian",,RESTAURANT,132.5,25.7,3.786090220550527,0.03786090220550527
396,2019-08-01,9,"Fadel, Jakubowski and Wisoky",,RESTAURANT,538.6,133.3,6.732011949638973,0.06732011949638972
397,2019-08-01,24,Flatley Inc,,ENTERTAINMENT,588.7,322.3,7.359043417496271,0.07359043417496271
398,2019-08-01,39,Hodkiewicz-Rodriguez,,LUXURY,292.5,169.7,29.25424806822017,0.07313562017055042
399,2019-08-01,54,Connelly-Goyette,,LUXURY,595.3,-47.6,39.687250298899826,0.09921812574724956
400,2019-08-01,10,Prohaska Group,,RESTAURANT,417.1,23.5,4.907595103971537,0.04907595103971536
401,2019-08-01,25,Abshire and Sons,,SUPERMARKET,185.7,62.6,1.614426884911631,0.0363246049105117
402,2019-08-01,40,Shanahan-Fadel,,SUPERMARKET,113.0,50.9,1.1891526887879236,0.026755935497728284
403,2019-08-01,55,Lemke-Mitchell,,LUXURY,859.4,-985.4,57.29142994470347,0.14322857486175866
404,2019-08-01,11,"Gutkowski, Schaefer and Goyette",,MEDICAL,344.2,11.0,13.768753521198205,0.06884376760599102
405,2019-08-01,26,"Koch, Schuppe and Hintz",,MEDICAL,341.9,111.7,11.397754251970325,0.05698877125985162
406,2019-08-01,41,Wilkinson Ltd,,LUXURY,160.8,25.7,32.16500208100645,0.08041250520251611
407,2019-08-01,56,Langworth Group,,LUXURY,838.6,494.7,41.929153244731495,0.10482288311182873
408,2019-08-01,12,"Rau, Turcotte and Rosenbaum",,MEDICAL,244.3,-19.6,16.28583822399089,0.08142919111995446
409,2019-08-01,27,Wolf-Bahringer,,SUPERMARKET,249.0,65.7,1.345734165615543,0.03027901872634972
410,2019-08-01,42,"Kshlerin, Kunze and Wehner",,LUXURY,1900.8,1455.4,54.30880224396613,0.1357720056099153
411,2019-08-01,57,Klocko LLC,,MEDICAL,159.3,-226.2,15.930517687926653,0.07965258843963327
412,2019-08-01,13,"Farrell, Stoltenberg and Botsford",,SUPERMARKET,369.7,117.9,1.8485322651100198,0.04159197596497545
413,2019-08-01,28,"Ratke, Schumm and Johnston",,RESTAURANT,363.0,-73.8,6.050357211079554,0.06050357211079554
414,2019-08-01,43,Boyle Ltd,,MEDICAL,481.7,222.6,10.703701028472903,0.05351850514236451
415,2019-08-01,58,"Douglas, Mohr and Wiegand",,ENTERTAINMENT,612.6,202.8,6.806615364925763,0.06806615364925762
416,2019-08-01,14,Wyman Group,,SUPERMARKET,354.7,62.9,1.917244142303914,0.04313799320183807
417,2019-08-01,29,"Greenholt, Harvey and Ullrich",,ENTERTAINMENT,667.4,19.7,7.024861376840045,0.07024861376840044
418,2019-08-01,44,"Purdy, Okuneva and Kunze",,MEDICAL,112.0,64.9,11.199482439811785,0.055997412199058925
419,2019-08-01,59,"Kiehn, Yost and Konopelski",,MEDICAL,390.4,152.2,19.51989446538864,0.09759947232694319
420,2019-09-01,0,"Klocko, Gleichner and Volkman",,LUXURY,0.0,-674.5,55.281042397991214,0.13820260599497802
421,2019-09-01,15,"Cronin, Price and Schiller",,SUPERMARKET,130.4,36.2,1.3037944062925606,0.029335374141582615
422,2019-09-01,30,"Moore, Casper and Marks",,SUPERMARKET,167.7,88.1,1.5248426754381705,0.03430896019735884
423,2019-09-01,45,"Rogahn, Krajcik and Wiza",,ENTERTAINMENT,388.9,95.1,4.574883461073193,0.045748834610731925
424,2019-09-01,1,O'Reilly-Langworth,,LUXURY,657.9,125.0,32.89514185155566,0.08223785462888913
425,2019-09-01,16,Effertz Inc,,SUPERMARKET,114.4,-29.8,1.6347016292406336,0.036780786657914254
426,2019-09-01,31,Gutmann-Abbott,,RESTAURANT,347.6,33.9,4.345286733492668,0.04345286733492668
427,2019-09-01,46,Hudson LLC,,SUPERMARKET,192.9,62.5,2.030327926182326,0.04568237833910234
428,2019-09-01,2,Beer-Langosh,,SUPERMARKET,181.5,21.5,1.2101994742124738,0.02722948816978066
429,2019-09-01,17,Hodkiewicz-Rodriguez,,MEDICAL,855.7,-60.9,19.014789478639944,0.09507394739319971
430,2019-09-01,32,Ullrich-Cremin,,RESTAURANT,293.0,-32.5,4.507216373875797,0.04507216373875796
431,2019-09-01,47,"Satterfield, Wehner and Boehm",,ENTERTAINMENT,509.2,219.8,4.243714433448581,0.04243714433448581
432,2019-09-01,3,Mante PLC,,SUPERMARKET,120.6,66.0,1.5072252316481418,0.033912567712083196
433,2019-09-01,18,"Pacocha, Kemmer and Hermann",,SUPERMARKET,66.0,-15.9,1.2008193404131342,0.027018435159295518
434,2019-09-01,33,Hand-Dare,,ENTERTAINMENT,351.0,-48.0,5.849175571084436,0.05849175571084436
435,2019-09-01,48,Ratke PLC,,SUPERMARKET,146.3,35.4,1.6253896628615263,0.036571267414384344
436,2019-09-01,4,Leffler-Rutherford,,LUXURY,561.9,-123.7,56.19246669494454,0.14048116673736136
437,2019-09-01,19,"Murphy, Nienow and Skiles",,SUPERMARKET,375.0,129.9,1.9736608869344938,0.044407369956026115
438,2019-09-01,34,"Stoltenberg, Pfannerstill and Kiehn",,LUXURY,0.0,-184.3,43.876795161191026,0.10969198790297756
439,2019-09-01,49,Rowe PLC,,LUXURY,324.5,188.2,32.44986706736249,0.08112466766840622
440,2019-09-01,5,Medhurst-Beatty,,LUXURY,789.6,568.5,52.63855036798776,0.1315963759199694
441,2019-09-01,20,"O'Reilly, Walsh and Gutmann",,ENTERTAINMENT,294.3,109.9,6.539524090063953,0.06539524090063953
442,2019-09-01,35,"Stoltenberg, O'Kon and Beahan",,MEDICAL,1077.3,524.9,19.586738250517875,0.09793369125258937
443,2019-09-01,50,"Stanton, Fadel and Rodriguez",,ENTERTAINMENT,246.8,-25.9,6.169501029509854,0.06169501029509854
444,2019-09-01,6,"Mitchell, Larson and Cummings",,MEDICAL,714.9,330.4,15.887194307686682,0.0794359715384334
445,2019-09-01,21,"Eichmann, Braun and Marquardt",,RESTAURANT,332.5,144.0,3.911943836478976,0.03911943836478976
446,2019-09-01,36,"White, Wolf and Hyatt",,LUXURY,212.0,33.9,42.40183522590016,0.10600458806475038
447,2019-09-01,51,"Larkin, Greenfelder and Donnelly",,LUXURY,759.6,-263.4,50.64041291093899,0.12660103227734748
448,2019-09-01,7,"Graham, Emmerich and Corwin",,LUXURY,0.0,-175.4,41.767990098572085,0.10441997524643021
449,2019-09-01,22,Greenholt Group,,SUPERMARKET,157.1,-3.8,1.7459249321409556,0.039283310973171504
450,2019-09-01,37,Ledner-Hickle,,SUPERMARKET,94.9,7.0,1.4607539367882039,0.03286696357773459
451,2019-09-01,52,Rempel LLC,,LUXURY,0.0,-544.3,33.596070937248776,0.08399017734312195
452,2019-09-01,8,Lebsack-Heaney,,SUPERMARKET,212.6,51.0,1.0902880029251087,0.02453148006581495
453,2019-09-01,23,Sawayn-Kerluke,,MEDICAL,469.2,91.5,11.730790444056286,0.05865395222028143
454,2019-09-01,38,Kub-Stokes,,RESTAURANT,277.5,81.8,6.9366397867513285,0.0693663978675133
455,2019-09-01,53,"Wilderman, Bahringer and Parisian",,RESTAURANT,189.3,82.5,3.786090220550527,0.03786090220550527
456,2019-09-01,9,"Fadel, Jakubowski and Wisoky",,RESTAURANT,740.5,308.3,6.732011949638973,0.06732011949638972
457,2019-09-01,24,Flatley Inc,,ENTERTAINMENT,699.1,226.6,7.359043417496271,0.07359043417496271
458,2019-09-01,39,Hodkiewicz-Rodriguez,,LUXURY,292.5,52.6,29.25424806822017,0.07313562017055042
459,2019-09-01,54,Connelly-Goyette,,LUXURY,396.9,-87.3,39.687250298899826,0.09921812574724956
460,2019-09-01,10,Prohaska Group,,RESTAURANT,392.6,57.9,4.907595103971537,0.04907595103971536
461,2019-09-01,25,Abshire and Sons,,SUPERMARKET,161.4,12.6,1.614426884911631,0.0363246049105117
462,2019-09-01,40,Shanahan-Fadel,,SUPERMARKET,136.8,46.1,1.1891526887879236,0.026755935497728284
463,2019-09-01,55,Lemke-Mitchell,,LUXURY,572.9,-126.1,57.29142994470347,0.14322857486175866
464,2019-09-01,11,"Gutkowski, Schaefer and Goyette",,MEDICAL,206.5,-71.6,13.768753521198205,0.06884376760599102
465,2019-09-01,26,"Koch, Schuppe and Hintz",,MEDICAL,398.9,123.1,11.397754251970325,0.05698877125985162
466,2019-09-01,41,Wilkinson Ltd,,LUXURY,0.0,-135.1,32.16500208100645,0.08041250520251611
467,2019-09-01,56,Langworth Group,,LUXURY,628.9,-50.3,41.929153244731495,0.10482288311182873
468,2019-09-01,12,"Rau, Turcotte and Rosenbaum",,MEDICAL,325.7,127.0,16.28583822399089,0.08142919111995446
469,2019-09-01,27,Wolf-Bahringer,,SUPERMARKET,255.7,56.2,1.345734165615543,0.03027901872634972
470,2019-09-01,42,"Kshlerin, Kunze and Wehner",,LUXURY,0.0,-1531.5,54.30880224396613,0.1357720056099153
471,2019-09-01,57,Klocko LLC,,MEDICAL,159.3,28.7,15.930517687926653,0.07965258843963327
472,2019-09-01,13,"Farrell, Stoltenberg and Botsford",,SUPERMARKET,268.0,-28.1,1.8485322651100198,0.04159197596497545
473,2019-09-01,28,"Ratke, Schumm and Johnston",,RESTAURANT,877.3,585.7,6.050357211079554,0.06050357211079554
474,2019-09-01,43,Boyle Ltd,,MEDICAL,374.6,-12.9,10.703701028472903,0.05351850514236451
475,2019-09-01,58,"Douglas, Mohr and Wiegand",,ENTERTAINMENT,544.5,53.1,6.806615364925763,0.06806615364925762
476,2019-09-01,14,Wyman Group,,SUPERMARKET,383.4,99.3,1.917244142303914,0.04313799320183807
477,2019-09-01,29,"Greenholt, Harvey and Ullrich",,ENTERTAINMENT,526.9,-8.4,7.024861376840045,0.07024861376840044
478,2019-09-01,44,"Purdy, Okuneva and Kunze",,MEDICAL,392.0,300.1,11.199482439811785,0.055997412199058925
479,2019-09-01,59,"Kiehn, Yost and Konopelski",,MEDICAL,585.6,269.4,19.51989446538864,0.09759947232694319
480,2019-10-01,0,"Klocko, Gleichner and Volkman",,LUXURY,829.2,154.8,55.281042397991214,0.13820260599497802
481,2019-10-01,15,"Cronin, Price and Schiller",,SUPERMARKET,78.2,-26.3,1.3037944062925606,0.029335374141582615
482,2019-10-01,30,"Moore, Casper and Marks",,SUPERMARKET,144.9,10.4,1.5248426754381705,0.03430896019735884
483,2019-10-01,45,"Rogahn, Krajcik and Wiza",,ENTERTAINMENT,571.9,259.8,4.574883461073193,0.045748834610731925
484,2019-10-01,1,O'Reilly-Langworth,,LUXURY,657.9,125.0,32.89514185155566,0.08223785462888913
485,2019-10-01,16,Effertz Inc,,SUPERMARKET,179.8,87.9,1.6347016292406336,0.036780786657914254
486,2019-10-01,31,Gutmann-Abbott,,RESTAURANT,260.7,-18.3,4.345286733492668,0.04345286733492668
487,2019-10-01,46,Hudson LLC,,SUPERMARKET,152.3,-2.4,2.030327926182326,0.04568237833910234
488,2019-10-01,2,Beer-Langosh,,SUPERMARKET,199.7,54.2,1.2101994742124738,0.02722948816978066
489,2019-10-01,17,Hodkiewicz-Rodriguez,,MEDICAL,855.7,167.3,19.014789478639944,0.09507394739319971
490,2019-10-01,32,Ullrich-Cremin,,RESTAURANT,315.5,80.2,4.507216373875797,0.04507216373875796
491,2019-10-01,47,"Satterfield, Wehner and Boehm",,ENTERTAINMENT,403.2,-5.1,4.243714433448581,0.04243714433448581
492,2019-10-01,3,Mante PLC,,SUPERMARKET,82.9,-13.9,1.5072252316481418,0.033912567712083196
493,2019-10-01,18,"Pacocha, Kemmer and Hermann",,SUPERMARKET,72.0,19.0,1.2008193404131342,0.027018435159295518
494,2019-10-01,33,Hand-Dare,,ENTERTAINMENT,555.7,273.7,5.849175571084436,0.05849175571084436
495,2019-10-01,48,Ratke PLC,,SUPERMARKET,56.9,-60.5,1.6253896628615263,0.036571267414384344
496,2019-10-01,4,Leffler-Rutherford,,LUXURY,0.0,-460.8,56.19246669494454,0.14048116673736136
497,2019-10-01,19,"Murphy, Nienow and Skiles",,SUPERMARKET,394.7,94.3,1.9736608869344938,0.044407369956026115
498,2019-10-01,34,"Stoltenberg, Pfannerstill and Kiehn",,LUXURY,0.0,-184.3,43.876795161191026,0.10969198790297756
499,2019-10-01,49,Rowe PLC,,LUXURY,0.0,-266.1,32.44986706736249,0.08112466766840622
500,2019-10-01,5,Medhurst-Beatty,,LUXURY,2368.7,1726.5,52.63855036798776,0.1315963759199694
501,2019-10-01,20,"O'Reilly, Walsh and Gutmann",,ENTERTAINMENT,327.0,90.2,6.539524090063953,0.06539524090063953
502,2019-10-01,35,"Stoltenberg, O'Kon and Beahan",,MEDICAL,783.5,-82.3,19.586738250517875,0.09793369125258937
503,2019-10-01,50,"Stanton, Fadel and Rodriguez",,ENTERTAINMENT,215.9,17.3,6.169501029509854,0.06169501029509854
504,2019-10-01,6,"Mitchell, Larson and Cummings",,MEDICAL,794.4,219.2,15.887194307686682,0.0794359715384334
505,2019-10-01,21,"Eichmann, Braun and Marquardt",,RESTAURANT,293.4,26.6,3.911943836478976,0.03911943836478976
506,2019-10-01,36,"White, Wolf and Hyatt",,LUXURY,424.0,245.9,42.40183522590016,0.10600458806475038
507,2019-10-01,51,"Larkin, Greenfelder and Donnelly",,LUXURY,253.2,-364.6,50.64041291093899,0.12660103227734748
508,2019-10-01,7,"Graham, Emmerich and Corwin",,LUXURY,0.0,-175.4,41.767990098572085,0.10441997524643021
509,2019-10-01,22,Greenholt Group,,SUPERMARKET,130.9,4.9,1.7459249321409556,0.039283310973171504
510,2019-10-01,37,Ledner-Hickle,,SUPERMARKET,138.8,62.5,1.4607539367882039,0.03286696357773459
511,2019-10-01,52,Rempel LLC,,LUXURY,0.0,-544.3,33.596070937248776,0.08399017734312195
512,2019-10-01,8,Lebsack-Heaney,,SUPERMARKET,196.3,25.9,1.0902880029251087,0.02453148006581495
513,2019-10-01,23,Sawayn-Kerluke,,MEDICAL,703.8,326.1,11.730790444056286,0.05865395222028143
514,2019-10-01,38,Kub-Stokes,,RESTAURANT,138.7,-84.6,6.9366397867513285,0.0693663978675133
515,2019-10-01,53,"Wilderman, Bahringer and Parisian",,RESTAURANT,113.6,-38.6,3.786090220550527,0.03786090220550527
516,2019-10-01,9,"Fadel, Jakubowski and Wisoky",,RESTAURANT,471.2,-122.5,6.732011949638973,0.06732011949638972
517,2019-10-01,24,Flatley Inc,,ENTERTAINMENT,588.7,27.9,7.359043417496271,0.07359043417496271
518,2019-10-01,39,Hodkiewicz-Rodriguez,,LUXURY,146.3,-93.6,29.25424806822017,0.07313562017055042
519,2019-10-01,54,Connelly-Goyette,,LUXURY,793.7,468.3,39.687250298899826,0.09921812574724956
520,2019-10-01,10,Prohaska Group,,RESTAURANT,269.9,-45.2,4.907595103971537,0.04907595103971536
521,2019-10-01,25,Abshire and Sons,,SUPERMARKET,161.4,32.0,1.614426884911631,0.0363246049105117
522,2019-10-01,40,Shanahan-Fadel,,SUPERMARKET,130.8,21.2,1.1891526887879236,0.026755935497728284
523,2019-10-01,55,Lemke-Mitchell,,LUXURY,572.9,103.1,57.29142994470347,0.14322857486175866
524,2019-10-01,11,"Gutkowski, Schaefer and Goyette",,MEDICAL,206.5,38.5,13.768753521198205,0.06884376760599102
525,2019-10-01,26,"Koch, Schuppe and Hintz",,MEDICAL,398.9,77.5,11.397754251970325,0.05698877125985162
526,2019-10-01,41,Wilkinson Ltd,,LUXURY,804.1,669.0,32.16500208100645,0.08041250520251611
527,2019-10-01,56,Langworth Group,,LUXURY,0.0,-511.6,41.929153244731495,0.10482288311182873
528,2019-10-01,12,"Rau, Turcotte and Rosenbaum",,MEDICAL,244.3,-19.6,16.28583822399089,0.08142919111995446
529,2019-10-01,27,Wolf-Bahringer,,SUPERMARKET,275.9,71.0,1.345734165615543,0.03027901872634972
530,2019-10-01,42,"Kshlerin, Kunze and Wehner",,LUXURY,1629.3,97.7,54.30880224396613,0.1357720056099153
531,2019-10-01,57,Klocko LLC,,MEDICAL,79.7,-51.0,15.930517687926653,0.07965258843963327
532,2019-10-01,13,"Farrell, Stoltenberg and Botsford",,SUPERMARKET,378.9,164.1,1.8485322651100198,0.04159197596497545
533,2019-10-01,28,"Ratke, Schumm and Johnston",,RESTAURANT,453.8,-249.3,6.050357211079554,0.06050357211079554
534,2019-10-01,43,Boyle Ltd,,MEDICAL,374.6,72.8,10.703701028472903,0.05351850514236451
535,2019-10-01,58,"Douglas, Mohr and Wiegand",,ENTERTAINMENT,476.5,39.5,6.806615364925763,0.06806615364925762
536,2019-10-01,14,Wyman Group,,SUPERMARKET,258.8,-48.3,1.917244142303914,0.04313799320183807
537,2019-10-01,29,"Greenholt, Harvey and Ullrich",,ENTERTAINMENT,878.1,455.2,7.024861376840045,0.07024861376840044
538,2019-10-01,44,"Purdy, Okuneva and Kunze",,MEDICAL,560.0,244.1,11.199482439811785,0.055997412199058925
539,2019-10-01,59,"Kiehn, Yost and Konopelski",,MEDICAL,292.8,-179.6,19.51989446538864,0.09759947232694319
540,2019-11-01,0,"Klocko, Gleichner and Volkman",,LUXURY,1382.0,707.6,55.281042397991214,0.13820260599497802
541,2019-11-01,15,"Cronin, Price and Schiller",,SUPERMARKET,110.8,48.0,1.3037944062925606,0.029335374141582615
542,2019-11-01,30,"Moore, Casper and Marks",,SUPERMARKET,122.0,5.8,1.5248426754381705,0.03430896019735884
543,2019-11-01,45,"Rogahn, Krajcik and Wiza",,ENTERTAINMENT,617.6,159.2,4.574883461073193,0.045748834610731925
544,2019-11-01,1,O'Reilly-Langworth,,LUXURY,986.9,453.9,32.89514185155566,0.08223785462888913
545,2019-11-01,16,Effertz Inc,,SUPERMARKET,130.8,-13.4,1.6347016292406336,0.036780786657914254
546,2019-11-01,31,Gutmann-Abbott,,RESTAURANT,369.3,159.9,4.345286733492668,0.04345286733492668
547,2019-11-01,46,Hudson LLC,,SUPERMARKET,203.0,80.8,2.030327926182326,0.04568237833910234
548,2019-11-01,2,Beer-Langosh,,SUPERMARKET,236.0,76.0,1.2101994742124738,0.02722948816978066
549,2019-11-01,17,Hodkiewicz-Rodriguez,,MEDICAL,950.7,262.4,19.014789478639944,0.09507394739319971
550,2019-11-01,32,Ullrich-Cremin,,RESTAURANT,293.0,39.7,4.507216373875797,0.04507216373875796
551,2019-11-01,47,"Satterfield, Wehner and Boehm",,ENTERTAINMENT,381.9,58.6,4.243714433448581,0.04243714433448581
552,2019-11-01,3,Mante PLC,,SUPERMARKET,113.0,46.4,1.5072252316481418,0.033912567712083196
553,2019-11-01,18,"Pacocha, Kemmer and Hermann",,SUPERMARKET,30.0,-27.9,1.2008193404131342,0.027018435159295518
554,2019-11-01,33,Hand-Dare,,ENTERTAINMENT,584.9,139.2,5.849175571084436,0.05849175571084436
555,2019-11-01,48,Ratke PLC,,SUPERMARKET,130.0,84.2,1.6253896628615263,0.036571267414384344
556,2019-11-01,4,Leffler-Rutherford,,LUXURY,0.0,-460.8,56.19246669494454,0.14048116673736136
557,2019-11-01,19,"Murphy, Nienow and Skiles",,SUPERMARKET,365.1,48.9,1.9736608869344938,0.044407369956026115
558,2019-11-01,34,"Stoltenberg, Pfannerstill and Kiehn",,LUXURY,438.8,254.5,43.876795161191026,0.10969198790297756
559,2019-11-01,49,Rowe PLC,,LUXURY,162.2,-103.9,32.44986706736249,0.08112466766840622
560,2019-11-01,5,Medhurst-Beatty,,LUXURY,1579.2,-326.4,52.63855036798776,0.1315963759199694
561,2019-11-01,20,"O'Reilly, Walsh and Gutmann",,ENTERTAINMENT,196.2,-66.7,6.539524090063953,0.06539524090063953
562,2019-11-01,35,"Stoltenberg, O'Kon and Beahan",,MEDICAL,685.5,54.8,19.586738250517875,0.09793369125258937
563,2019-11-01,50,"Stanton, Fadel and Rodriguez",,ENTERTAINMENT,339.3,165.3,6.169501029509854,0.06169501029509854
564,2019-11-01,6,"Mitchell, Larson and Cummings",,MEDICAL,794.4,155.7,15.887194307686682,0.0794359715384334
565,2019-11-01,21,"Eichmann, Braun and Marquardt",,RESTAURANT,352.1,116.6,3.911943836478976,0.03911943836478976
566,2019-11-01,36,"White, Wolf and Hyatt",,LUXURY,424.0,76.3,42.40183522590016,0.10600458806475038
567,2019-11-01,51,"Larkin, Greenfelder and Donnelly",,LUXURY,253.2,40.5,50.64041291093899,0.12660103227734748
568,2019-11-01,7,"Graham, Emmerich and Corwin",,LUXURY,0.0,-175.4,41.767990098572085,0.10441997524643021
569,2019-11-01,22,Greenholt Group,,SUPERMARKET,192.1,86.9,1.7459249321409556,0.039283310973171504
570,2019-11-01,37,Ledner-Hickle,,SUPERMARKET,116.9,5.5,1.4607539367882039,0.03286696357773459
571,2019-11-01,52,Rempel LLC,,LUXURY,0.0,-544.3,33.596070937248776,0.08399017734312195
572,2019-11-01,8,Lebsack-Heaney,,SUPERMARKET,179.9,22.7,1.0902880029251087,0.02453148006581495
573,2019-11-01,23,Sawayn-Kerluke,,MEDICAL,586.5,21.1,11.730790444056286,0.05865395222028143
574,2019-11-01,38,Kub-Stokes,,RESTAURANT,346.8,234.4,6.9366397867513285,0.0693663978675133
575,2019-11-01,53,"Wilderman, Bahringer and Parisian",,RESTAURANT,113.6,22.0,3.786090220550527,0.03786090220550527
576,2019-11-01,9,"Fadel, Jakubowski and Wisoky",,RESTAURANT,572.2,193.9,6.732011949638973,0.06732011949638972
577,2019-11-01,24,Flatley Inc,,ENTERTAINMENT,662.3,189.8,7.359043417496271,0.07359043417496271
578,2019-11-01,39,Hodkiewicz-Rodriguez,,LUXURY,146.3,23.4,29.25424806822017,0.07313562017055042
579,2019-11-01,54,Connelly-Goyette,,LUXURY,198.4,-444.5,39.687250298899826,0.09921812574724956
580,2019-11-01,10,Prohaska Group,,RESTAURANT,269.9,53.0,4.907595103971537,0.04907595103971536
581,2019-11-01,25,Abshire and Sons,,SUPERMARKET,185.7,56.2,1.614426884911631,0.0363246049105117
582,2019-11-01,40,Shanahan-Fadel,,SUPERMARKET,95.1,-9.8,1.1891526887879236,0.026755935497728284
583,2019-11-01,55,Lemke-Mitchell,,LUXURY,1432.3,962.5,57.29142994470347,0.14322857486175866
584,2019-11-01,11,"Gutkowski, Schaefer and Goyette",,MEDICAL,344.2,176.2,13.768753521198205,0.06884376760599102
585,2019-11-01,26,"Koch, Schuppe and Hintz",,MEDICAL,284.9,-36.5,11.397754251970325,0.05698877125985162
586,2019-11-01,41,Wilkinson Ltd,,LUXURY,1125.8,476.0,32.16500208100645,0.08041250520251611
587,2019-11-01,56,Langworth Group,,LUXURY,209.6,-301.9,41.929153244731495,0.10482288311182873
588,2019-11-01,12,"Rau, Turcotte and Rosenbaum",,MEDICAL,407.1,208.4,16.28583822399089,0.08142919111995446
589,2019-11-01,27,Wolf-Bahringer,,SUPERMARKET,242.2,21.3,1.345734165615543,0.03027901872634972
590,2019-11-01,42,"Kshlerin, Kunze and Wehner",,LUXURY,1900.8,586.5,54.30880224396613,0.1357720056099153
591,2019-11-01,57,Klocko LLC,,MEDICAL,239.0,172.0,15.930517687926653,0.07965258843963327
592,2019-11-01,13,"Farrell, Stoltenberg and Botsford",,SUPERMARKET,323.5,20.0,1.8485322651100198,0.04159197596497545
593,2019-11-01,28,"Ratke, Schumm and Johnston",,RESTAURANT,423.5,59.3,6.050357211079554,0.06050357211079554
594,2019-11-01,43,Boyle Ltd,,MEDICAL,481.7,179.8,10.703701028472903,0.05351850514236451
595,2019-11-01,58,"Douglas, Mohr and Wiegand",,ENTERTAINMENT,782.8,400.2,6.806615364925763,0.06806615364925762
596,2019-11-01,14,Wyman Group,,SUPERMARKET,402.6,195.2,1.917244142303914,0.04313799320183807
597,2019-11-01,29,"Greenholt, Harvey and Ullrich",,ENTERTAINMENT,491.7,-212.2,7.024861376840045,0.07024861376840044
598,2019-11-01,44,"Purdy, Okuneva and Kunze",,MEDICAL,168.0,-282.2,11.199482439811785,0.055997412199058925
599,2019-11-01,59,"Kiehn, Yost and Konopelski",,MEDICAL,97.6,-140.6,19.51989446538864,0.09759947232694319
600,2019-12-01,0,"Klocko, Gleichner and Volkman",,LUXURY,1658.4,541.7,55.281042397991214,0.13820260599497802
601,2019-12-01,15,"Cronin, Price and Schiller",,SUPERMARKET,110.8,21.9,1.3037944062925606,0.029335374141582615
602,2019-12-01,30,"Moore, Casper and Marks",,SUPERMARKET,167.7,69.8,1.5248426754381705,0.03430896019735884
603,2019-12-01,45,"Rogahn, Krajcik and Wiza",,ENTERTAINMENT,366.0,-129.0,4.574883461073193,0.045748834610731925
604,2019-12-01,1,O'Reilly-Langworth,,LUXURY,657.9,-138.2,32.89514185155566,0.08223785462888913
605,2019-12-01,16,Effertz Inc,,SUPERMARKET,155.3,50.3,1.6347016292406336,0.036780786657914254
606,2019-12-01,31,Gutmann-Abbott,,RESTAURANT,347.6,51.3,4.345286733492668,0.04345286733492668
607,2019-12-01,46,Hudson LLC,,SUPERMARKET,192.9,30.0,2.030327926182326,0.04568237833910234
608,2019-12-01,2,Beer-Langosh,,SUPERMARKET,254.1,65.1,1.2101994742124738,0.02722948816978066
609,2019-12-01,17,Hodkiewicz-Rodriguez,,MEDICAL,855.7,91.3,19.014789478639944,0.09507394739319971
610,2019-12-01,32,Ullrich-Cremin,,RESTAURANT,180.3,-55.0,4.507216373875797,0.04507216373875796
611,2019-12-01,47,"Satterfield, Wehner and Boehm",,ENTERTAINMENT,424.4,118.0,4.243714433448581,0.04243714433448581
612,2019-12-01,3,Mante PLC,,SUPERMARKET,90.4,-0.3,1.5072252316481418,0.033912567712083196
613,2019-12-01,18,"Pacocha, Kemmer and Hermann",,SUPERMARKET,54.0,29.8,1.2008193404131342,0.027018435159295518
614,2019-12-01,33,Hand-Dare,,ENTERTAINMENT,351.0,-118.2,5.849175571084436,0.05849175571084436
615,2019-12-01,48,Ratke PLC,,SUPERMARKET,146.3,41.9,1.6253896628615263,0.036571267414384344
616,2019-12-01,4,Leffler-Rutherford,,LUXURY,281.0,-179.8,56.19246669494454,0.14048116673736136
617,2019-12-01,19,"Murphy, Nienow and Skiles",,SUPERMARKET,365.1,72.6,1.9736608869344938,0.044407369956026115
618,2019-12-01,34,"Stoltenberg, Pfannerstill and Kiehn",,LUXURY,0.0,-359.8,43.876795161191026,0.10969198790297756
619,2019-12-01,49,Rowe PLC,,LUXURY,162.2,25.9,32.44986706736249,0.08112466766840622
620,2019-12-01,5,Medhurst-Beatty,,LUXURY,1316.0,42.1,52.63855036798776,0.1315963759199694
621,2019-12-01,20,"O'Reilly, Walsh and Gutmann",,ENTERTAINMENT,294.3,136.0,6.539524090063953,0.06539524090063953
622,2019-12-01,35,"Stoltenberg, O'Kon and Beahan",,MEDICAL,1273.1,720.8,19.586738250517875,0.09793369125258937
623,2019-12-01,50,"Stanton, Fadel and Rodriguez",,ENTERTAINMENT,277.6,4.9,6.169501029509854,0.06169501029509854
624,2019-12-01,6,"Mitchell, Larson and Cummings",,MEDICAL,1032.7,394.0,15.887194307686682,0.0794359715384334
625,2019-12-01,21,"Eichmann, Braun and Marquardt",,RESTAURANT,293.4,10.9,3.911943836478976,0.03911943836478976
626,2019-12-01,36,"White, Wolf and Hyatt",,LUXURY,424.0,76.3,42.40183522590016,0.10600458806475038
627,2019-12-01,51,"Larkin, Greenfelder and Donnelly",,LUXURY,253.2,40.5,50.64041291093899,0.12660103227734748
628,2019-12-01,7,"Graham, Emmerich and Corwin",,LUXURY,0.0,-175.4,41.767990098572085,0.10441997524643021
629,2019-12-01,22,Greenholt Group,,SUPERMARKET,148.4,-5.6,1.7459249321409556,0.039283310973171504
630,2019-12-01,37,Ledner-Hickle,,SUPERMARKET,102.3,8.5,1.4607539367882039,0.03286696357773459
631,2019-12-01,52,Rempel LLC,,LUXURY,0.0,-544.3,33.596070937248776,0.08399017734312195
632,2019-12-01,8,Lebsack-Heaney,,SUPERMARKET,174.4,30.3,1.0902880029251087,0.02453148006581495
633,2019-12-01,23,Sawayn-Kerluke,,MEDICAL,821.2,349.6,11.730790444056286,0.05865395222028143
634,2019-12-01,38,Kub-Stokes,,RESTAURANT,208.1,-70.8,6.9366397867513285,0.0693663978675133
635,2019-12-01,53,"Wilderman, Bahringer and Parisian",,RESTAURANT,189.3,97.7,3.786090220550527,0.03786090220550527
636,2019-12-01,9,"Fadel, Jakubowski and Wisoky",,RESTAURANT,504.9,45.8,6.732011949638973,0.06732011949638972
637,2019-12-01,24,Flatley Inc,,ENTERTAINMENT,551.9,20.6,7.359043417496271,0.07359043417496271
638,2019-12-01,39,Hodkiewicz-Rodriguez,,LUXURY,292.5,169.7,29.25424806822017,0.07313562017055042
639,2019-12-01,54,Connelly-Goyette,,LUXURY,396.9,230.2,39.687250298899826,0.09921812574724956
640,2019-12-01,10,Prohaska Group,,RESTAURANT,392.6,175.7,4.907595103971537,0.04907595103971536
641,2019-12-01,25,Abshire and Sons,,SUPERMARKET,153.4,4.5,1.614426884911631,0.0363246049105117
642,2019-12-01,40,Shanahan-Fadel,,SUPERMARKET,118.9,42.6,1.1891526887879236,0.026755935497728284
643,2019-12-01,55,Lemke-Mitchell,,LUXURY,1145.8,-11.5,57.29142994470347,0.14322857486175866
644,2019-12-01,11,"Gutkowski, Schaefer and Goyette",,MEDICAL,481.9,203.8,13.768753521198205,0.06884376760599102
645,2019-12-01,26,"Koch, Schuppe and Hintz",,MEDICAL,284.9,54.7,11.397754251970325,0.05698877125985162
646,2019-12-01,41,Wilkinson Ltd,,LUXURY,643.3,-263.8,32.16500208100645,0.08041250520251611
647,2019-12-01,56,Langworth Group,,LUXURY,209.6,33.5,41.929153244731495,0.10482288311182873
648,2019-12-01,12,"Rau, Turcotte and Rosenbaum",,MEDICAL,325.7,-3.3,16.28583822399089,0.08142919111995446
649,2019-12-01,27,Wolf-Bahringer,,SUPERMARKET,235.5,41.4,1.345734165615543,0.03027901872634972
650,2019-12-01,42,"Kshlerin, Kunze and Wehner",,LUXURY,1629.3,97.7,54.30880224396613,0.1357720056099153
651,2019-12-01,57,Klocko LLC,,MEDICAL,239.0,44.6,15.930517687926653,0.07965258843963327
652,2019-12-01,13,"Farrell, Stoltenberg and Botsford",,SUPERMARKET,443.6,184.5,1.8485322651100198,0.04159197596497545
653,2019-12-01,28,"Ratke, Schumm and Johnston",,RESTAURANT,423.5,83.5,6.050357211079554,0.06050357211079554
654,2019-12-01,43,Boyle Ltd,,MEDICAL,374.6,-12.9,10.703701028472903,0.05351850514236451
655,2019-12-01,58,"Douglas, Mohr and Wiegand",,ENTERTAINMENT,476.5,-151.1,6.806615364925763,0.06806615364925762
656,2019-12-01,14,Wyman Group,,SUPERMARKET,345.1,22.6,1.917244142303914,0.04313799320183807
657,2019-12-01,29,"Greenholt, Harvey and Ullrich",,ENTERTAINMENT,386.4,-8.4,7.024861376840045,0.07024861376840044
658,2019-12-01,44,"Purdy, Okuneva and Kunze",,MEDICAL,112.0,-24.7,11.199482439811785,0.055997412199058925
659,2019-12-01,59,"Kiehn, Yost and Konopelski",,MEDICAL,878.4,796.4,19.51989446538864,0.09759947232694319
660,2020-01-01,0,"Klocko, Gleichner and Volkman",,LUXURY,2764.1,1426.2,55.281042397991214,0.13820260599497802
661,2020-01-01,15,"Cronin, Price and Schiller",,SUPERMARKET,110.8,21.9,1.3037944062925606,0.029335374141582615
662,2020-01-01,30,"Moore, Casper and Marks",,SUPERMARKET,114.4,-20.1,1.5248426754381705,0.03430896019735884
663,2020-01-01,45,"Rogahn, Krajcik and Wiza",,ENTERTAINMENT,320.2,26.5,4.574883461073193,0.045748834610731925
664,2020-01-01,1,O'Reilly-Langworth,,LUXURY,822.4,289.5,32.89514185155566,0.08223785462888913
665,2020-01-01,16,Effertz Inc,,SUPERMARKET,179.8,55.2,1.6347016292406336,0.036780786657914254
666,2020-01-01,31,Gutmann-Abbott,,RESTAURANT,369.3,90.4,4.345286733492668,0.04345286733492668
667,2020-01-01,46,Hudson LLC,,SUPERMARKET,132.0,-22.7,2.030327926182326,0.04568237833910234
668,2020-01-01,2,Beer-Langosh,,SUPERMARKET,217.8,14.3,1.2101994742124738,0.02722948816978066
669,2020-01-01,17,Hodkiewicz-Rodriguez,,MEDICAL,855.7,167.3,19.014789478639944,0.09507394739319971
670,2020-01-01,32,Ullrich-Cremin,,RESTAURANT,428.2,283.0,4.507216373875797,0.04507216373875796
671,2020-01-01,47,"Satterfield, Wehner and Boehm",,ENTERTAINMENT,318.3,-22.1,4.243714433448581,0.04243714433448581
672,2020-01-01,3,Mante PLC,,SUPERMARKET,113.0,40.4,1.5072252316481418,0.033912567712083196
673,2020-01-01,18,"Pacocha, Kemmer and Hermann",,SUPERMARKET,96.1,52.6,1.2008193404131342,0.027018435159295518
674,2020-01-01,33,Hand-Dare,,ENTERTAINMENT,555.7,273.7,5.849175571084436,0.05849175571084436
675,2020-01-01,48,Ratke PLC,,SUPERMARKET,81.3,-36.1,1.6253896628615263,0.036571267414384344
676,2020-01-01,4,Leffler-Rutherford,,LUXURY,561.9,325.9,56.19246669494454,0.14048116673736136
677,2020-01-01,19,"Murphy, Nienow and Skiles",,SUPERMARKET,335.5,43.0,1.9736608869344938,0.044407369956026115
678,2020-01-01,34,"Stoltenberg, Pfannerstill and Kiehn",,LUXURY,0.0,-359.8,43.876795161191026,0.10969198790297756
679,2020-01-01,49,Rowe PLC,,LUXURY,162.2,25.9,32.44986706736249,0.08112466766840622
680,2020-01-01,5,Medhurst-Beatty,,LUXURY,1579.2,515.8,52.63855036798776,0.1315963759199694
681,2020-01-01,20,"O'Reilly, Walsh and Gutmann",,ENTERTAINMENT,359.7,122.9,6.539524090063953,0.06539524090063953
682,2020-01-01,35,"Stoltenberg, O'Kon and Beahan",,MEDICAL,685.5,-336.9,19.586738250517875,0.09793369125258937
683,2020-01-01,50,"Stanton, Fadel and Rodriguez",,ENTERTAINMENT,277.6,54.3,6.169501029509854,0.06169501029509854
684,2020-01-01,6,"Mitchell, Larson and Cummings",,MEDICAL,556.1,-273.3,15.887194307686682,0.0794359715384334
685,2020-01-01,21,"Eichmann, Braun and Marquardt",,RESTAURANT,352.1,116.6,3.911943836478976,0.03911943836478976
686,2020-01-01,36,"White, Wolf and Hyatt",,LUXURY,424.0,76.3,42.40183522590016,0.10600458806475038
687,2020-01-01,51,"Larkin, Greenfelder and Donnelly",,LUXURY,253.2,40.5,50.64041291093899,0.12660103227734748
688,2020-01-01,7,"Graham, Emmerich and Corwin",,LUXURY,0.0,-175.4,41.767990098572085,0.10441997524643021
689,2020-01-01,22,Greenholt Group,,SUPERMARKET,139.7,20.6,1.7459249321409556,0.039283310973171504
690,2020-01-01,37,Ledner-Hickle,,SUPERMARKET,102.3,20.2,1.4607539367882039,0.03286696357773459
691,2020-01-01,52,Rempel LLC,,LUXURY,0.0,-544.3,33.596070937248776,0.08399017734312195
692,2020-01-01,8,Lebsack-Heaney,,SUPERMARKET,212.6,72.8,1.0902880029251087,0.02453148006581495
693,2020-01-01,23,Sawayn-Kerluke,,MEDICAL,351.9,-307.4,11.730790444056286,0.05865395222028143
694,2020-01-01,38,Kub-Stokes,,RESTAURANT,381.5,213.6,6.9366397867513285,0.0693663978675133
695,2020-01-01,53,"Wilderman, Bahringer and Parisian",,RESTAURANT,94.7,-57.6,3.786090220550527,0.03786090220550527
696,2020-01-01,9,"Fadel, Jakubowski and Wisoky",,RESTAURANT,639.5,234.3,6.732011949638973,0.06732011949638972
697,2020-01-01,24,Flatley Inc,,ENTERTAINMENT,294.4,-148.7,7.359043417496271,0.07359043417496271
698,2020-01-01,39,Hodkiewicz-Rodriguez,,LUXURY,292.5,52.6,29.25424806822017,0.07313562017055042
699,2020-01-01,54,Connelly-Goyette,,LUXURY,198.4,-127.0,39.687250298899826,0.09921812574724956
700,2020-01-01,10,Prohaska Group,,RESTAURANT,441.7,126.6,4.907595103971537,0.04907595103971536
701,2020-01-01,25,Abshire and Sons,,SUPERMARKET,153.4,30.3,1.614426884911631,0.0363246049105117
702,2020-01-01,40,Shanahan-Fadel,,SUPERMARKET,101.1,5.7,1.1891526887879236,0.026755935497728284
703,2020-01-01,55,Lemke-Mitchell,,LUXURY,1432.3,504.1,57.29142994470347,0.14322857486175866
704,2020-01-01,11,"Gutkowski, Schaefer and Goyette",,MEDICAL,550.8,162.5,13.768753521198205,0.06884376760599102
705,2020-01-01,26,"Koch, Schuppe and Hintz",,MEDICAL,228.0,-2.3,11.397754251970325,0.05698877125985162
706,2020-01-01,41,Wilkinson Ltd,,LUXURY,482.5,-38.6,32.16500208100645,0.08041250520251611
707,2020-01-01,56,Langworth Group,,LUXURY,419.3,243.2,41.929153244731495,0.10482288311182873
708,2020-01-01,12,"Rau, Turcotte and Rosenbaum",,MEDICAL,162.9,-101.0,16.28583822399089,0.08142919111995446
709,2020-01-01,27,Wolf-Bahringer,,SUPERMARKET,235.5,46.8,1.345734165615543,0.03027901872634972
710,2020-01-01,42,"Kshlerin, Kunze and Wehner",,LUXURY,1900.8,586.5,54.30880224396613,0.1357720056099153
711,2020-01-01,57,Klocko LLC,,MEDICAL,318.6,124.2,15.930517687926653,0.07965258843963327
712,2020-01-01,13,"Farrell, Stoltenberg and Botsford",,SUPERMARKET,360.5,5.2,1.8485322651100198,0.04159197596497545
713,2020-01-01,28,"Ratke, Schumm and Johnston",,RESTAURANT,544.5,204.5,6.050357211079554,0.06050357211079554
714,2020-01-01,43,Boyle Ltd,,MEDICAL,588.7,286.8,10.703701028472903,0.05351850514236451
715,2020-01-01,58,"Douglas, Mohr and Wiegand",,ENTERTAINMENT,476.5,93.9,6.806615364925763,0.06806615364925762
716,2020-01-01,14,Wyman Group,,SUPERMARKET,383.4,107.0,1.917244142303914,0.04313799320183807
717,2020-01-01,29,"Greenholt, Harvey and Ullrich",,ENTERTAINMENT,562.0,251.5,7.024861376840045,0.07024861376840044
718,2020-01-01,44,"Purdy, Okuneva and Kunze",,MEDICAL,224.0,132.1,11.199482439811785,0.055997412199058925
719,2020-01-01,59,"Kiehn, Yost and Konopelski",,MEDICAL,390.4,-316.2,19.51989446538864,0.09759947232694319
