,time,id,numOfCompanies,numOfMedicals,numOfSupermarkets,numOfRestaurants,numOfEntertainments,numOfLuxuries,turnOver,taxes,nettoProfit,subsidiaries,capital,happiness,governmentCapital
0,2019-02-01,0,4,1,0,1,1,1,2428.390351202757,236.72072629267268,2367.207262926727,0,13370.037565770615,39.249979134835314,2395.889883910077
1,2019-02-01,1,4,0,1,0,2,1,2257.765903062892,220.2446304230423,2202.446304230423,0,13772.85380202868,39.249979134835314,2395.889883910077
2,2019-02-01,2,4,1,2,1,0,0,1191.745150020403,116.77360423258291,1167.736042325829,0,10086.765551897919,39.249979134835314,2395.889883910077
3,2019-02-01,3,4,1,1,1,0,1,2201.362067658205,214.1147984355611,2141.147984355611,0,11939.69894181133,39.249979134835314,2395.889883910077
4,2019-02-01,4,4,0,2,1,0,1,1738.4100268734785,169.01209679910502,1690.1209679910505,0,12297.366650930313,39.249979134835314,2395.889883910077
5,2019-02-01,5,4,1,0,1,1,1,2930.6630188103545,285.11080537567443,2851.1080537567445,0,14770.856807027396,39.249979134835314,2395.889883910077
6,2019-02-01,6,4,2,0,0,2,0,1630.5979028949946,158.24509078447963,1582.4509078447961,0,11630.65461332386,39.249979134835314,2395.889883910077
7,2019-02-01,7,4,2,1,1,0,0,1684.8940316259313,165.0012626140265,1650.012626140265,0,10791.60124421947,39.249979134835314,2395.889883910077
8,2019-02-01,8,4,1,1,1,1,0,2151.856338739512,211.72019394575784,2117.2019394575786,0,11798.897561183547,39.249979134835314,2395.889883910077
9,2019-02-01,9,4,1,0,1,0,2,694.4451616307657,67.98998501125179,589.7411734943472,0,13160.04437259562,39.249979134835314,2395.889883910077
10,2019-03-01,0,4,1,0,1,1,1,1885.5670827362867,182.43839944602558,1587.6632681675835,0,14180.33384774422,39.249979134835314,4522.348358368936
11,2019-03-01,1,4,0,1,0,2,1,1574.117987413813,151.87983885813432,1298.5537581583005,0,14736.365873431614,39.249979134835314,4522.348358368936
12,2019-03-01,2,4,1,2,1,0,0,1216.103085318065,119.20939776234907,1075.3203733909081,50,9498.672680397684,39.249979134835314,4522.348358368936
13,2019-03-01,3,4,1,1,1,0,1,1843.1148894140024,178.29008061114087,1568.7860076758473,0,12328.218842177444,39.249979134835314,4522.348358368936
14,2019-03-01,4,4,0,2,1,0,1,1822.385965270828,177.40969063883992,1605.084809589294,0,12061.814744415158,39.249979134835314,4522.348358368936
15,2019-03-01,5,4,1,0,1,1,1,2507.3489348507337,242.7793969797125,2142.683164421449,0,16589.31941735218,39.249979134835314,4522.348358368936
16,2019-03-01,6,4,2,0,0,2,0,1215.2529926768775,116.71059976266797,1008.8609068421996,0,11372.707227788742,39.249979134835314,4522.348358368936
17,2019-03-01,7,4,2,1,1,0,0,944.7068820681303,130.87900570306368,744.8242139684378,50,9069.486245469188,39.249979134835314,4522.348358368936
18,2019-03-01,8,4,1,1,1,1,0,2342.2194367452357,230.75650374633025,2095.8448435175437,0,13798.550104472451,39.249979134835314,4522.348358368936
19,2019-03-01,9,4,1,0,1,0,2,1941.7919646863168,183.7087976549899,1769.0979915386474,0,13467.394218733252,39.249979134835314,4522.348358368936
20,2019-04-01,0,4,1,0,1,1,1,3068.8601236884692,300.7677035412438,2825.2386359664124,0,15410.858473615594,39.249979134835314,6988.1745362254505
21,2019-04-01,1,4,0,1,0,2,1,2781.795634952576,272.6476036120106,2574.596197261972,0,16532.637533004283,39.249979134835314,6988.1745362254505
22,2019-04-01,2,4,1,2,1,0,0,1268.0326883516866,124.40235806571123,1124.8141828947637,0,7999.552872807581,39.249979134835314,6988.1745362254505
23,2019-04-01,3,4,1,1,1,0,1,1878.7990485283256,181.8584965225732,1640.294884614591,0,12813.687957925997,39.249979134835314,6988.1745362254505
24,2019-04-01,4,4,0,2,1,0,1,2112.8559380956694,206.4566879213241,1887.1571885744013,0,11693.261367104422,39.249979134835314,6988.1745362254505
25,2019-04-01,5,4,1,0,1,1,1,2311.7063506635973,223.21513856099875,1989.3719886302747,0,19329.7161372364,39.249979134835314,6988.1745362254505
26,2019-04-01,6,4,2,0,0,2,0,1338.4342035487132,129.02872084985142,1173.5766087358465,0,11560.398433518536,39.249979134835314,6988.1745362254505
27,2019-04-01,7,4,2,1,1,0,0,1095.8125524664583,144.90217498775468,930.0521412777284,0,8482.160611153506,39.249979134835314,6988.1745362254505
28,2019-04-01,8,4,1,1,1,1,0,2215.115338176952,218.04609388950183,1949.7044351486882,0,14556.19115777849,39.249979134835314,6988.1745362254505
29,2019-04-01,9,4,1,0,1,0,2,1612.6384478929733,150.79344597565554,1324.225662101565,0,14335.72391950446,39.249979134835314,6988.1745362254505
30,2019-05-01,0,4,1,0,1,1,1,1468.5808354046958,140.73977471286656,1106.6300435874218,0,16468.108718458156,39.249979134835314,9279.808806633897
31,2019-05-01,1,4,0,1,0,2,1,1656.357298752513,160.10376999200437,1328.390096308033,0,16449.897171761124,39.249979134835314,9279.808806633897
32,2019-05-01,2,4,1,2,1,0,0,1163.7803468046436,113.97712391100694,1015.3688810443583,50,7481.5333489845825,39.249979134835314,9279.808806633897
33,2019-05-01,3,4,1,1,1,0,1,2324.3503878275187,226.41363045249244,2082.2778080023513,0,13644.324704417806,39.249979134835314,9279.808806633897
34,2019-05-01,4,4,0,2,1,0,1,1689.73210971232,164.1443050829892,1434.9863629085678,0,11537.613594948101,39.249979134835314,9279.808806633897
35,2019-05-01,5,4,1,0,1,1,1,3920.858266484298,384.1303301430689,3618.088162869689,0,23025.49837302966,39.249979134835314,9279.808806633897
36,2019-05-01,6,4,2,0,0,2,0,1102.5664543539121,105.44194593037138,925.3907384538624,0,10015.595994477246,39.249979134835314,9279.808806633897
37,2019-05-01,7,4,2,1,1,0,0,1340.426208691475,130.5544803205809,1160.6426282180541,50,8703.259654513875,39.249979134835314,9279.808806633897
38,2019-05-01,8,4,1,1,1,1,0,2135.5281530919547,210.0873753810021,1882.82765992052,0,15478.177799848909,39.249979134835314,9279.808806633897
39,2019-05-01,9,4,1,0,1,0,2,2155.5524329977648,205.0848444861346,1900.054998885691,0,15772.886422048447,39.249979134835314,9279.808806633897
40,2019-06-01,0,4,1,0,1,1,1,2031.0251767433358,196.98420884673047,1829.1023137544394,0,17594.80717049946,39.249979134835314,11627.58711667967
41,2019-06-01,1,4,0,1,0,2,1,1725.5994082321633,167.02798093996938,1510.1760394076896,0,17523.173835754616,39.249979134835314,11627.58711667967
42,2019-06-01,2,4,1,2,1,0,0,1162.9434564457958,113.89343487512218,1024.9572248402146,0,7212.253958422118,39.249979134835314,11627.58711667967
43,2019-06-01,3,4,1,1,1,0,1,2162.343639235587,210.21295559329928,1875.7159254805,0,13607.462959390745,39.249979134835314,11627.58711667967
44,2019-06-01,4,4,0,2,1,0,1,1439.0369768994547,139.07479180170264,1226.603612934037,0,11722.826903511192,39.249979134835314,11627.58711667967
45,2019-06-01,5,4,1,0,1,1,1,3113.439693285651,303.3884728232041,2649.7543980889723,0,25482.59466836751,39.249979134835314,11627.58711667967
46,2019-06-01,6,4,2,0,0,2,0,1657.111822012795,160.89648269625974,1503.522881032226,50,9326.607871491231,39.249979134835314,11627.58711667967
47,2019-06-01,7,4,2,1,1,0,0,1476.0363868959414,144.11549814102756,1310.6005010896945,0,7253.921120092416,39.249979134835314,11627.58711667967
48,2019-06-01,8,4,1,1,1,1,0,2302.1804304950165,226.7526031213084,2057.438655832081,0,16181.038628419332,39.249979134835314,11627.58711667967
49,2019-06-01,9,4,1,0,1,0,2,1949.4559002486985,184.47519121122804,1639.6670676261456,0,17285.662091358292,39.249979134835314,11627.58711667967
50,2019-07-01,0,4,1,0,1,1,1,2422.1723980455195,236.09893097694888,2164.0051009227577,0,18966.373808620763,39.249979134835314,13806.138813043002
51,2019-07-01,1,4,0,1,0,2,1,1661.4566105895974,160.6137011757128,1439.1090308171586,0,18047.463842836773,39.249979134835314,13806.138813043002
52,2019-07-01,2,4,1,2,1,0,0,932.737807436243,90.8728699741669,794.8352648665468,50,6878.5108053523145,39.249979134835314,13806.138813043002
53,2019-07-01,3,4,1,1,1,0,1,1962.0824103760365,190.18683270734425,1691.6553714801428,0,13464.709179955205,39.249979134835314,13806.138813043002
54,2019-07-01,4,4,0,2,1,0,1,1985.7332118304,193.74441529479716,1798.3693611462693,0,11102.751461273254,39.249979134835314,13806.138813043002
55,2019-07-01,5,4,1,0,1,1,1,2050.216969669134,197.06620046155246,1667.27353179232,0,27031.96337239727,39.249979134835314,13806.138813043002
56,2019-07-01,6,4,2,0,0,2,0,1182.4401458110922,113.42931507608938,973.3966680646339,0,8979.837685738768,39.249979134835314,13806.138813043002
57,2019-07-01,7,4,2,1,1,0,0,1044.2618229229383,100.93804174372723,865.2649192962448,50,7409.4216251679945,39.249979134835314,13806.138813043002
58,2019-07-01,8,4,1,1,1,1,0,2379.1295804288447,234.4475181146912,2117.7225780256035,0,17933.413163204412,39.249979134835314,13806.138813043002
59,2019-07-01,9,4,1,0,1,0,2,2206.6757965602455,210.19718084238275,1917.496617212599,0,17221.501931323935,39.249979134835314,13806.138813043002
60,2019-08-01,0,4,1,0,1,1,1,1719.414512220042,165.82314239440115,1422.1324929670627,0,20250.147232840467,39.249979134835314,16037.039601843746
61,2019-08-01,1,4,0,1,0,2,1,2113.641769837056,205.83221710045865,1897.7084698288736,0,20369.350836325564,39.249979134835314,16037.039601843746
62,2019-08-01,2,4,1,2,1,0,0,1082.6164197020603,105.86073120074863,967.7344420333193,0,5759.588051787923,39.249979134835314,16037.039601843746
63,2019-08-01,3,4,1,1,1,0,1,1703.2014439446912,164.29873606420972,1452.8005279347528,0,13708.01916734052,39.249979134835314,16037.039601843746
64,2019-08-01,4,4,0,2,1,0,1,868.3993507188013,82.01102918363732,626.365876541576,0,10145.997975717488,39.249979134835314,16037.039601843746
65,2019-08-01,5,4,1,0,1,1,1,3494.4262437736834,341.48712787200736,3217.805078258521,0,30428.055462646244,39.249979134835314,16037.039601843746
66,2019-08-01,6,4,2,0,0,2,0,977.9498333749926,92.98028383247944,816.3735232487047,50,8709.768636200466,39.249979134835314,16037.039601843746
67,2019-08-01,7,4,2,1,1,0,0,1227.8544528740285,119.29730473883623,1092.035005644635,0,6504.461399094423,39.249979134835314,16037.039601843746
68,2019-08-01,8,4,1,1,1,1,0,2442.7342255458443,240.80798262639115,2173.63230814922,0,18983.11288982325,39.249979134835314,16037.039601843746
69,2019-08-01,9,4,1,0,1,0,2,2220.15942605288,211.5455437916462,1905.2582570740792,0,18128.75904399738,39.249979134835314,16037.039601843746
70,2019-09-01,0,4,1,0,1,1,1,1566.0154455431916,150.48323572671615,1339.00921487276,0,21180.11088876763,39.249979134835314,18103.11410517474
71,2019-09-01,1,4,0,1,0,2,1,1916.0235416394448,186.07039428069749,1654.8717257065161,0,20994.292821025647,39.249979134835314,18103.11410517474
72,2019-09-01,2,4,1,2,1,0,0,1173.3515318495952,114.93424241550213,1043.4816929542726,50,5409.641214636459,39.249979134835314,18103.11410517474
73,2019-09-01,3,4,1,1,1,0,1,2484.126750577756,242.39126672751613,2259.613931210952,0,13984.651793274305,39.249979134835314,18103.11410517474
74,2019-09-01,4,4,0,2,1,0,1,1634.1120090170139,158.5822950134586,1503.8119209509484,50,9970.370545414678,39.249979134835314,18103.11410517474
75,2019-09-01,5,4,1,0,1,1,1,2121.4051760005264,354.895116053652,1700.3630830749094,0,32780.062361962235,39.249979134835314,18103.11410517474
76,2019-09-01,6,4,2,0,0,2,0,1189.396225305777,114.1249230255579,1048.2689464230996,0,7695.116608514294,39.249979134835314,18103.11410517474
77,2019-09-01,7,4,2,1,1,0,0,1466.0257617410634,143.11443562553973,1311.847051516561,50,6717.288520121854,39.249979134835314,18103.11410517474
78,2019-09-01,8,4,1,1,1,1,0,2013.2148344455584,197.85604351636246,1737.7524525372337,0,18771.27794962528,39.249979134835314,18103.11410517474
79,2019-09-01,9,4,1,0,1,0,2,1588.1012571612155,148.33972690247973,1271.8517252331508,0,18452.52082560483,39.249979134835314,18103.11410517474
80,2019-10-01,0,4,1,0,1,1,1,2271.315577988833,221.01324897128032,2059.649253986087,0,22165.36960658324,39.249979134835314,20263.82656378109
81,2019-10-01,1,4,0,1,0,2,1,1611.7906426651464,155.6471043832677,1370.4006495519793,0,22108.300584535464,39.249979134835314,20263.82656378109
82,2019-10-01,2,4,1,2,1,0,0,1724.8596897190139,170.08505820244397,1585.9163396089373,0,5469.365189670179,39.249979134835314,20263.82656378109
83,2019-10-01,3,4,1,1,1,0,1,1663.5559404045416,160.33418571019467,1360.9505903744307,0,13981.233110403125,39.249979134835314,20263.82656378109
84,2019-10-01,4,4,0,2,1,0,1,1945.9384558578927,189.7649396975465,1739.0671019620065,0,9648.230876022055,39.249979134835314,20263.82656378109
85,2019-10-01,5,4,1,0,1,1,1,1998.072960226672,191.85179951730626,1563.6228791194103,0,34278.5593566377,39.249979134835314,20263.82656378109
86,2019-10-01,6,4,2,0,0,2,0,1065.232645044318,101.708564999412,902.960726968562,50,6653.153501104568,39.249979134835314,20263.82656378109
87,2019-10-01,7,4,2,1,1,0,0,1012.7945440795108,152.12399826493015,834.7987029683051,0,6591.952349590922,39.249979134835314,20263.82656378109
88,2019-10-01,8,4,1,1,1,1,0,1969.4943336733154,193.48399343913812,1736.9838908750198,0,19339.2193541662,39.249979134835314,20263.82656378109
89,2019-10-01,9,4,1,0,1,0,2,1869.8583442045208,176.51543560681026,1616.8146291656226,0,18861.959185152267,39.249979134835314,20263.82656378109
90,2019-11-01,0,4,1,0,1,1,1,2370.2401694572804,230.9057081181249,2088.04383220997,0,23440.193290999403,39.249979134835314,22452.54526880612
91,2019-11-01,1,4,0,1,0,2,1,1245.988230682899,119.06686318504292,1035.0215274671616,0,22901.190806137383,39.249979134835314,22452.54526880612
92,2019-11-01,2,4,1,2,1,0,0,1664.1222788367886,164.0113171142215,1470.0281129397708,50,5550.896106015151,39.249979134835314,22452.54526880612
93,2019-11-01,3,4,1,1,1,0,1,1641.9649773051708,158.1750894002577,1421.4167082923825,0,14037.79884690425,39.249979134835314,22452.54526880612
94,2019-11-01,4,4,0,2,1,0,1,1605.2302999211124,155.6941241038684,1367.1763013411373,50,9016.771070437775,39.249979134835314,22452.54526880612
95,2019-11-01,5,4,1,0,1,1,1,3437.824392940342,335.8269427886732,3166.417628369425,0,37221.84072175916,39.249979134835314,22452.54526880612
96,2019-11-01,6,4,2,0,0,2,0,1415.3650007329377,136.72180056827395,1265.5094406833273,0,6807.013235749921,39.249979134835314,22452.54526880612
97,2019-11-01,7,4,2,1,1,0,0,1494.622233826905,145.9740828341239,1307.6168300763088,50,6400.631171683326,39.249979134835314,22452.54526880612
98,2019-11-01,8,4,1,1,1,1,0,1990.8483352714647,195.61939359895325,1762.7099425503945,0,19334.47327123228,39.249979134835314,22452.54526880612
99,2019-11-01,9,4,1,0,1,0,2,1562.370921312125,145.76669331757066,1281.1514975688965,0,19105.973064867838,39.249979134835314,22452.54526880612
100,2019-12-01,0,4,1,0,1,1,1,1863.1918693632085,180.20087810871783,1571.1030729690533,0,24168.919865952,39.249979134835314,24696.04426617393
101,2019-12-01,1,4,0,1,0,2,1,1269.9606446867588,121.46410458542894,1095.5741826692463,0,23145.02523505197,39.249979134835314,24696.04426617393
102,2019-12-01,2,4,1,2,1,0,0,1029.846586665498,100.5837478970924,841.8261618567026,0,5526.888809375301,39.249979134835314,24696.04426617393
103,2019-12-01,3,4,1,1,1,0,1,2951.906262195186,289.1692178892592,2733.5170894923344,0,15713.738401570472,39.249979134835314,24696.04426617393
104,2019-12-01,4,4,0,2,1,0,1,1521.945308568289,147.3656249685861,1317.9621255819927,0,7877.944775945212,39.249979134835314,24696.04426617393
105,2019-12-01,5,4,1,0,1,1,1,2721.9844359727012,264.242947091909,2306.602528130417,0,39279.218134349736,39.249979134835314,24696.04426617393
106,2019-12-01,6,4,2,0,0,2,0,1475.5314780423798,142.73844829921813,1290.6626824239074,50,7052.8687035377125,39.249979134835314,24696.04426617393
107,2019-12-01,7,4,2,1,1,0,0,1617.203595522844,158.23221900371774,1436.3481072030538,0,6531.552223671347,39.249979134835314,24696.04426617393
108,2019-12-01,8,4,1,1,1,1,0,2075.9051663066407,204.1250767024708,1845.6313734257544,0,20269.561608758893,39.249979134835314,24696.04426617393
109,2019-12-01,9,4,1,0,1,0,2,1448.9044163914514,134.42004282550332,1198.4337349374625,0,18584.849198660733,39.249979134835314,24696.04426617393
110,2020-01-01,0,4,1,0,1,1,1,1974.704204746993,191.35211164709625,1733.3202383622445,0,25291.601553148706,39.249979134835314,26584.635575225497
111,2020-01-01,1,4,0,1,0,2,1,1542.6986420974704,148.73790432650014,1365.9149386795725,0,24354.445738243052,39.249979134835314,26584.635575225497
112,2020-01-01,2,4,1,2,1,0,0,1057.42811208527,103.34190043906959,932.8352564936037,50,5472.386930568346,39.249979134835314,26584.635575225497
113,2020-01-01,3,4,1,1,1,0,1,1772.3393763316433,171.2125293029049,1422.9560751397898,0,15891.606100966997,39.249979134835314,26584.635575225497
114,2020-01-01,4,4,0,2,1,0,1,1470.764762457441,142.2475703575013,1275.1100786064274,50,7223.271512149338,39.249979134835314,26584.635575225497
115,2020-01-01,5,4,1,0,1,1,1,2749.6680236213397,267.01130585677305,2405.870111475821,0,40883.92812254642,39.249979134835314,26584.635575225497
116,2020-01-01,6,4,2,0,0,2,0,888.5091022539493,84.0362107203751,697.6236589045328,0,7186.106295133774,39.249979134835314,26584.635575225497
117,2020-01-01,7,4,2,1,1,0,0,1245.6369042716744,121.07554987860084,1052.5232797822903,50,6531.602580168504,39.249979134835314,26584.635575225497
118,2020-01-01,8,4,1,1,1,1,0,1853.8981945817447,181.9243795299812,1615.1187185973413,0,20391.24597164319,39.249979134835314,26584.635575225497
119,2020-01-01,9,4,1,0,1,0,2,827.7597389932251,94.19875170000729,588.6357080313035,0,18499.89127590023,39.249979134835314,26584.635575225497
120,2020-02-01,0,4,1,0,1,1,1,2865.209565287261,280.4026477011232,2612.674365364135,0,26798.53791205669,39.249979134835314,28938.761743960247
121,2020-02-01,1,4,0,1,0,2,1,1644.0630124122354,158.87434135797662,1440.0055092532655,0,24427.097201810942,39.249979134835314,28938.761743960247
122,2020-02-01,2,4,1,2,1,0,0,1024.707874264332,100.06987665697581,897.3568661306883,0,5453.379473953909,39.249979134835314,28938.761743960247
123,2020-02-01,3,4,1,1,1,0,1,2047.090905276504,198.68768219739098,1815.6642926710047,0,16957.449142885045,39.249979134835314,28938.761743960247
124,2020-02-01,4,4,0,2,1,0,1,946.1690767191818,89.78800178367538,755.6324474792523,0,7017.918667171914,39.249979134835314,28938.761743960247
125,2020-02-01,5,4,1,0,1,1,1,3366.4048641702,328.68498991165904,3019.8385932598176,0,43043.264147576185,39.249979134835314,28938.761743960247
126,2020-02-01,6,4,2,0,0,2,0,1125.7243399966837,107.75773449464857,993.5411342261102,50,7163.175524800538,39.249979134835314,28938.761743960247
127,2020-02-01,7,4,2,1,1,0,0,1534.1953451546726,149.9313939669006,1378.2383897904047,0,6599.4410676083935,39.249979134835314,28938.761743960247
128,2020-02-01,8,4,1,1,1,1,0,2425.679478206088,239.1025078924156,2209.1006993941737,0,21382.885522002674,39.249979134835314,28938.761743960247
129,2020-02-01,9,4,1,0,1,0,2,2103.407015897063,199.87030277606445,1904.5042760606373,0,17936.15172254012,39.249979134835314,28938.761743960247
130,2020-03-01,0,4,1,0,1,1,1,2108.5456195471675,204.73625312711368,1766.959883570014,0,28254.957953250712,39.249979134835314,30899.895160714765
131,2020-03-01,1,4,0,1,0,2,1,1576.152429044702,152.08328302122325,1361.9584888542556,0,24935.557951871706,39.249979134835314,30899.895160714765
132,2020-03-01,2,4,1,2,1,0,0,1543.3748401466917,151.93657324521175,1419.295855795142,50,5398.54863905502,39.249979134835314,30899.895160714765
133,2020-03-01,3,4,1,1,1,0,1,1470.983889840791,141.0769806538197,1212.0821243408059,0,17121.475571035076,39.249979134835314,30899.895160714765
134,2020-03-01,4,4,0,2,1,0,1,1091.6278806964096,104.33388218139817,953.5508200303062,50,5693.462695971833,39.249979134835314,30899.895160714765
135,2020-03-01,5,4,1,0,1,1,1,2368.4134286007625,228.88584635471528,1960.1734736354929,0,44007.040146263564,39.249979134835314,30899.895160714765
136,2020-03-01,6,4,2,0,0,2,0,1123.621157049584,107.54741619993857,967.7164275047368,0,7365.8301539910535,39.249979134835314,30899.895160714765
137,2020-03-01,7,4,2,1,1,0,0,1395.2341936057119,136.03527881200458,1210.4213941531452,50,6886.886726198454,39.249979134835314,30899.895160714765
138,2020-03-01,8,4,1,1,1,1,0,2118.77356956186,208.4119170279927,1845.0166623875118,0,22187.37916441456,39.249979134835314,30899.895160714765
139,2020-03-01,9,4,1,0,1,0,2,1355.9969494880493,125.12929613516307,1051.4226585755664,0,17906.22587598737,39.249979134835314,30899.895160714765
140,2020-04-01,0,4,1,0,1,1,1,2735.506082081377,267.43229938053463,2469.586740678233,0,29027.25160259698,39.249979134835314,33069.00717975647
141,2020-04-01,1,4,0,1,0,2,1,1742.7542573600974,168.74346585276282,1535.3513755064043,0,25318.27940328286,39.249979134835314,33069.00717975647
142,2020-04-01,2,4,1,2,1,0,0,1101.3771011937897,107.73679934992157,925.4314202540038,0,5278.406066917089,39.249979134835314,33069.00717975647
143,2020-04-01,3,4,1,1,1,0,1,1968.0435428533926,190.7829459550798,1766.7524788969783,0,17850.436210504562,39.249979134835314,33069.00717975647
144,2020-04-01,4,4,0,2,1,0,1,565.2736411851099,112.52087069061598,412.6507001212837,0,4293.632026772506,39.249979134835314,33069.00717975647
145,2020-04-01,5,4,1,0,1,1,1,2252.707311783725,217.3152346730116,1944.2665003754005,0,45832.696655787244,39.249979134835314,33069.00717975647
146,2020-04-01,6,4,2,0,0,2,0,1435.4373340389857,138.72903389887875,1279.7429227888488,50,7934.920371737268,39.249979134835314,33069.00717975647
147,2020-04-01,7,4,2,1,1,0,0,1165.5639045785374,113.06824990928715,994.647220280867,0,6688.112977329556,39.249979134835314,33069.00717975647
148,2020-04-01,8,4,1,1,1,1,0,2271.0884904832074,223.64340912012744,2028.0221741732817,0,23437.140670485216,39.249979134835314,33069.00717975647
149,2020-04-01,9,4,1,0,1,0,2,1954.1086692345846,184.94046810981663,1724.275384963003,0,18247.018577682902,39.249979134835314,33069.00717975647
150,2020-05-01,0,4,1,0,1,1,1,2229.8454243886927,216.86623361126624,1901.2300367321275,0,30282.635428865015,39.249979134835314,35177.929570768705
151,2020-05-01,1,4,0,1,0,2,1,2044.7139656540771,198.9394366821608,1820.6509009688446,0,26359.323136890544,39.249979134835314,35177.929570768705
152,2020-05-01,2,4,1,2,1,0,0,1213.7343504761486,118.97252427815745,1081.9884434316527,50,5183.780794851591,39.249979134835314,35177.929570768705
153,2020-05-01,3,4,1,1,1,0,1,2817.894494421778,275.7680411119184,2566.897465164104,0,19188.02466940182,39.249979134835314,35177.929570768705
154,2020-05-01,4,4,0,2,1,0,1,567.9586940162629,112.78937597373128,407.14876444321885,50,2938.4627470402143,39.249979134835314,35177.929570768705
155,2020-05-01,5,4,1,0,1,1,1,2619.317960981355,253.97629959277455,2322.447761254734,0,47396.90274119072,39.249979134835314,35177.929570768705
156,2020-05-01,6,4,2,0,0,2,0,1194.1103684220552,114.59633733718573,1007.2343394729784,0,7784.7213313275915,39.249979134835314,35177.929570768705
157,2020-05-01,7,4,2,1,1,0,0,1302.7666287766365,126.78852232909702,1154.8169733816833,50,6291.319834130772,39.249979134835314,35177.929570768705
158,2020-05-01,8,4,1,1,1,1,0,2020.8968159124188,198.6242416630486,1762.599007510359,0,24580.264631708844,39.249979134835314,35177.929570768705
159,2020-05-01,9,4,1,0,1,0,2,1532.4624939421726,188.92333936506003,1242.8180376959372,0,18902.652146458902,39.249979134835314,35177.929570768705
160,2020-06-01,0,4,1,0,1,1,1,2334.380635787521,227.31975475114902,2056.331313900225,0,31520.758864611278,39.249979134835314,37281.8861116717
161,2020-06-01,1,4,0,1,0,2,1,1615.859525926926,156.05399270944562,1361.6004904122956,0,27297.52695194432,39.249979134835314,37281.8861116717
162,2020-06-01,2,4,1,2,1,0,0,950.730182889718,92.67210751951436,807.7485509169862,0,5187.4193401419425,39.249979134835314,37281.8861116717
163,2020-06-01,3,4,1,1,1,0,1,2138.0634454200144,207.78493621174198,1802.0813210055007,0,19837.5994346758,39.249979134835314,37281.8861116717
164,2020-06-01,4,4,0,2,1,0,1,682.0291079281644,124.19641736492143,520.950673072005,0,2295.5064262490077,39.249979134835314,37281.8861116717
165,2020-06-01,5,4,1,0,1,1,1,2699.366926965233,261.9811961911623,2365.835662318849,0,48944.759833437165,39.249979134835314,37281.8861116717
166,2020-06-01,6,4,2,0,0,2,0,1227.1605113716134,117.90135163214157,1064.4171789842298,50,7248.114697620281,39.249979134835314,37281.8861116717
167,2020-06-01,7,4,2,1,1,0,0,1258.665720780202,122.37843152945361,1096.995792965439,0,6027.62344442118,39.249979134835314,37281.8861116717
168,2020-06-01,8,4,1,1,1,1,0,2461.671000095614,242.7016600813681,2228.3923591506327,0,25694.38104176337,39.249979134835314,37281.8861116717
169,2020-06-01,9,4,1,0,1,0,2,1172.3784962406555,106.76745081042371,878.7511687391769,0,18622.71626536646,39.249979134835314,37281.8861116717
170,2020-07-01,0,4,1,0,1,1,1,1726.557396129055,166.53743078530252,1438.0545531018756,0,32582.05265033873,39.249979134835314,39208.29002163303
171,2020-07-01,1,4,0,1,0,2,1,1837.2246268388296,178.19050280063598,1625.8510352969145,0,28055.934844021675,39.249979134835314,39208.29002163303
172,2020-07-01,2,4,1,2,1,0,0,1089.8107626675624,106.58016549729885,973.129547453474,50,5037.413157187968,39.249979134835314,39208.29002163303
173,2020-07-01,3,4,1,1,1,0,1,1991.8054370130042,193.15913537104092,1723.8064174986675,0,20351.691928427208,39.249979134835314,39208.29002163303
174,2020-07-01,4,4,0,2,1,0,1,606.3874198405134,116.63224855615637,433.90194359316376,50,1783.3668235614227,39.249979134835314,39208.29002163303
175,2020-07-01,5,4,1,0,1,1,1,2884.088098155533,280.4533133101923,2542.551936910761,0,50957.48211152868,39.249979134835314,39208.29002163303
176,2020-07-01,6,4,2,0,0,2,0,1104.3991561627063,105.62521611125081,938.3508094803664,0,7615.35437525748,39.249979134835314,39208.29002163303
177,2020-07-01,7,4,2,1,1,0,0,1013.585938066939,128.91770148986768,856.3261010518193,50,6066.487152271157,39.249979134835314,39208.29002163303
178,2020-07-01,8,4,1,1,1,1,0,1813.5583262738128,177.89039269918797,1536.2022669105115,0,26143.269006521474,39.249979134835314,39208.29002163303
179,2020-07-01,9,4,1,0,1,0,2,1681.7608406046509,157.70568524682326,1470.2894016578089,0,18231.375372996146,39.249979134835314,39208.29002163303
180,2020-08-01,0,4,1,0,1,1,1,2208.0174820075345,214.6834393731504,1980.2969629462016,0,33647.46616562978,39.249979134835314,41411.0631119206
181,2020-08-01,1,4,0,1,0,2,1,1849.7566586460212,179.44370598135518,1616.246557012916,0,28584.90700477764,39.249979134835314,41411.0631119206
182,2020-08-01,2,4,1,2,1,0,0,1452.6725437255254,142.86634360309515,1322.0832705336527,0,4840.8874784152895,39.249979134835314,41411.0631119206
183,2020-08-01,3,4,1,1,1,0,1,2371.120362093078,231.0906278790484,2117.7471434194426,0,21490.52548338269,39.249979134835314,41411.0631119206
184,2020-08-01,4,4,0,2,1,0,1,592.7402440203673,115.26753097414174,427.81893658178285,0,1032.0099140829345,39.249979134835314,41411.0631119206
185,2020-08-01,5,4,1,0,1,1,1,2572.9167724403856,249.3361807386776,2212.9084940765833,0,52298.47688431215,39.249979134835314,41411.0631119206
186,2020-08-01,6,4,2,0,0,2,0,1148.7875876194512,110.06405925692528,995.015376458002,50,7742.119141774052,39.249979134835314,41411.0631119206
187,2020-08-01,7,4,2,1,1,0,0,1277.1064266422156,124.22250211565495,1113.3073196666817,0,6175.856291730124,39.249979134835314,41411.0631119206
188,2020-08-01,8,4,1,1,1,1,0,2157.056782674942,212.24023833930093,1944.5119906938207,0,27844.89045958296,39.249979134835314,41411.0631119206
189,2020-08-01,9,4,1,0,1,0,2,1898.2961873821314,179.3592199245713,1635.8865139988898,0,18445.15372973076,39.249979134835314,41411.0631119206
190,2020-09-01,0,4,1,0,1,1,1,1692.2724090866075,163.10893208105773,1416.4058814374273,0,34765.975392667126,39.249979134835314,43373.321124036614
191,2020-09-01,1,4,0,1,0,2,1,1903.880243924004,184.85606450915344,1669.1169391101791,0,29638.163972124068,39.249979134835314,43373.321124036614
192,2020-09-01,2,4,1,2,1,0,0,994.3024122419696,97.02933045473956,827.4269609443004,50,4598.148250221721,39.249979134835314,43373.321124036614
193,2020-09-01,3,4,1,1,1,0,1,2454.463178722242,239.42490954196475,2163.158467540599,0,22520.587175465,39.249979134835314,43373.321124036614
194,2020-09-01,4,4,0,2,1,0,1,553.5444035343735,111.34794692554232,389.9878136778037,50,244.2374319059238,39.249979134835314,43373.321124036614
195,2020-09-01,5,4,1,0,1,1,1,2695.1880447920275,261.5633079738417,2366.29689899974,0,54556.81147109714,39.249979134835314,43373.321124036614
196,2020-09-01,6,4,2,0,0,2,0,968.3827937111294,92.02357986609309,810.1717394040056,0,8313.744103887599,39.249979134835314,43373.321124036614
197,2020-09-01,7,4,2,1,1,0,0,1202.1090665338795,116.72276610482136,1043.0051589325585,50,5965.984045876707,39.249979134835314,43373.321124036614
198,2020-09-01,8,4,1,1,1,1,0,2017.2455849372568,198.25911856553242,1770.3509473160227,0,28940.29332863436,39.249979134835314,43373.321124036614
199,2020-09-01,9,4,1,0,1,0,2,1641.9321280522167,153.72281399157984,1357.868919991227,0,17318.28371960744,39.249979134835314,43373.321124036614
200,2020-10-01,0,4,1,0,1,1,1,2292.1335377284595,223.09504494524288,2067.8415173713706,0,36028.09358057244,39.249979134835314,45605.339925787586
201,2020-10-01,1,4,0,1,0,2,1,1611.639654040309,155.632005520784,1371.4639906986865,0,30837.73786808102,39.249979134835314,45605.339925787586
202,2020-10-01,2,4,1,2,1,0,0,1003.4984267284668,97.94893190338932,882.4599885791533,0,4531.210324572799,39.249979134835314,45605.339925787586
203,2020-10-01,3,4,1,1,1,0,1,2377.848355491121,231.76342721885263,2078.209362646562,0,23255.814792697875,39.249979134835314,45605.339925787586
204,2020-10-01,4,4,0,2,1,0,1,510.6720711059299,107.06071368269798,351.03506529795936,0,697.8290261570297,39.249979134835314,45605.339925787586
205,2020-10-01,5,4,1,0,1,1,1,3042.1217484441577,296.2566783390548,2701.003475416706,0,56018.65363257369,39.249979134835314,45605.339925787586
206,2020-10-01,6,4,2,0,0,2,0,1418.3958165650436,137.02488215148458,1278.2252416487522,50,7406.6020633264025,39.249979134835314,45605.339925787586
207,2020-10-01,7,4,2,1,1,0,0,1219.5924970512358,118.47110915655695,1067.9883254607482,0,5888.651253097852,39.249979134835314,45605.339925787586
208,2020-10-01,8,4,1,1,1,1,0,2247.646173647241,221.2991774365308,2014.732655799776,0,29787.69651722088,39.249979134835314,45605.339925787586
209,2020-10-01,9,4,1,0,1,0,2,2097.3798810836115,199.2675892947193,1838.9530789556127,0,17830.545273539414,39.249979134835314,45605.339925787586
210,2020-11-01,0,4,1,0,1,1,1,2735.212987618882,267.4029899342852,2450.9348543976084,0,36527.46774004351,39.249979134835314,47772.374021544834
211,2020-11-01,1,4,0,1,0,2,1,2219.15246295622,216.3832864123751,2008.2008586029667,0,31822.189930183624,39.249979134835314,47772.374021544834
212,2020-11-01,2,4,1,2,1,0,0,1437.1240054742805,141.31148977797062,1315.165965876317,50,4720.827354381352,39.249979134835314,47772.374021544834
213,2020-11-01,3,4,1,1,1,0,1,2442.491593087412,238.22775097848182,2150.514082565965,0,24517.545723764502,39.249979134835314,47772.374021544834
214,2020-11-01,4,4,0,2,1,0,1,866.2401692815074,142.61752350025574,710.8903967163814,50,165.5722892087874,39.249979134835314,47772.374021544834
215,2020-11-01,5,4,1,0,1,1,1,2648.511540208558,256.8956575154948,2272.6998968158928,0,58352.523360063475,39.249979134835314,47772.374021544834
216,2020-11-01,6,4,2,0,0,2,0,1071.4369347722986,102.32899397221004,886.2650575706157,0,6707.248955973173,39.249979134835314,47772.374021544834
217,2020-11-01,7,4,2,1,1,0,0,1239.1356193268566,120.42542138411905,1085.7831046846336,50,6182.537290735841,39.249979134835314,47772.374021544834
218,2020-11-01,8,4,1,1,1,1,0,2083.507911116481,204.88535118345482,1827.5543343980166,0,30571.86980670939,39.249979134835314,47772.374021544834
219,2020-11-01,9,4,1,0,1,0,2,1428.2678781055454,132.35638899691276,1124.2963006744085,0,17294.273151005236,39.249979134835314,47772.374021544834
220,2020-12-01,0,4,1,0,1,1,1,2131.5493044939153,207.03662162178847,1802.9632262835999,0,37565.28595588469,39.249979134835314,49806.763321174665
221,2020-12-01,1,4,0,1,0,2,1,1023.693669380141,237.14845160283198,751.9907841352963,0,32061.265162657368,39.249979134835314,49806.763321174665
222,2020-12-01,2,4,1,2,1,0,0,979.4731498275439,95.54640421329702,814.1525523549994,0,4744.705659391973,39.249979134835314,49806.763321174665
223,2020-12-01,3,4,1,1,1,0,1,1911.4134592317914,185.11993759291968,1612.971624950715,0,24328.625273617028,39.249979134835314,49806.763321174665
224,2020-12-01,4,4,0,2,1,0,1,497.7260150168081,105.7661080737858,306.8194326341241,0,185.4103982450569,39.249979134835314,49806.763321174665
225,2020-12-01,5,4,1,0,1,1,1,2857.740769971605,277.81858049179954,2521.2901474025,0,59872.18907908969,39.249979134835314,49806.763321174665
226,2020-12-01,6,4,2,0,0,2,0,1235.887839709622,118.77408446594237,1085.4118506872137,50,6870.74813945606,39.249979134835314,49806.763321174665
227,2020-12-01,7,4,2,1,1,0,0,1207.7502618856572,117.28688563999913,1052.4434350158722,0,6261.954828649305,39.249979134835314,49806.763321174665
228,2020-12-01,8,4,1,1,1,1,0,2051.4677840117793,201.68133847298458,1811.9280335463918,0,30696.81120261142,39.249979134835314,49806.763321174665
229,2020-12-01,9,4,1,0,1,0,2,1907.7417950995887,180.30378069631703,1670.6814179662576,0,18026.393253042585,39.249979134835314,49806.763321174665
231,2021-01-01,0,4,1,0,1,1,1,4462.3565726729275,440.1173484396897,4194.136862775108,0,39192.003898779294,39.249979134835314,53568.98417154128
232,2021-01-01,1,4,0,1,0,2,1,3735.3790793670832,368.0059480534614,3442.9110289317823,0,33677.79759668549,39.249979134835314,53568.98417154128
233,2021-01-01,2,4,1,2,1,0,0,2773.4946192329326,274.9485511538359,2653.9391073250617,50,4588.036509046054,39.249979134835314,53568.98417154128
234,2021-01-01,3,4,1,1,1,0,1,4153.247346132286,409.3033262829693,3907.913325236772,0,25762.18639152819,39.249979134835314,53568.98417154128
235,2021-01-01,4,4,0,2,1,0,1,725.9849110259178,128.59199767469678,571.9297440697039,50,248.50498302406933,39.249979134835314,53568.98417154128
236,2021-01-01,5,4,1,0,1,1,1,5118.9722918652415,503.94173268116333,4761.598746319833,0,63191.421544361925,39.249979134835314,53568.98417154128
237,2021-01-01,6,4,2,0,0,2,0,2114.3221250776296,206.61751300274312,1947.401045561489,0,7068.764153296242,39.249979134835314,53568.98417154128
238,2021-01-01,7,4,2,1,1,0,0,2689.3534372228096,265.4472031737144,2537.185146097145,50,6407.464164317996,39.249979134835314,53568.98417154128
239,2021-01-01,8,4,1,1,1,1,0,3650.385039646808,361.5730640364875,3414.0493018918896,0,32569.338127993047,39.249979134835314,53568.98417154128
240,2021-01-01,9,4,1,0,1,0,2,4655.557406686371,542.6580483123017,4370.549637853635,0,15845.500545880639,39.249979134835314,53568.98417154128
241,2021-02-01,0,4,1,0,1,1,1,2324.7800705557042,226.35969822796739,1823.4796338399842,0,39983.13381798869,39.249979134835314,55818.42251943178
242,2021-02-01,1,4,0,1,0,2,1,1722.9374834600942,166.76178846276247,1299.611936574163,0,34401.0172794504,39.249979134835314,55818.42251943178
243,2021-02-01,2,4,1,2,1,0,0,1305.624386102018,128.1615278407444,1006.666727253608,0,4296.047397297608,39.249979134835314,55818.42251943178
244,2021-02-01,3,4,1,1,1,0,1,1814.6016089395187,175.43875256369245,1345.0841993539552,0,25402.16523943725,39.249979134835314,55818.42251943178
245,2021-02-01,4,4,0,2,1,0,1,442.19794587951515,100.21330116005652,265.31688932239024,0,104.38898537246936,39.249979134835314,55818.42251943178
246,2021-02-01,5,4,1,0,1,1,1,2974.5041870356795,289.494922198207,2391.007489300906,0,65036.041350238644,39.249979134835314,55818.42251943178
247,2021-02-01,6,4,2,0,0,2,0,1478.3797342953308,143.02327392451323,1223.6152262423893,50,7230.262381901554,39.249979134835314,55818.42251943178
248,2021-02-01,7,4,2,1,1,0,0,1537.2025542388183,150.23211487531523,1236.873945579438,0,6391.7930560871555,39.249979134835314,55818.42251943178
249,2021-02-01,8,4,1,1,1,1,0,1935.920038832169,190.1265639550237,1539.6925755137495,0,33774.033354728366,39.249979134835314,55818.42251943178
250,2021-02-01,9,4,1,0,1,0,2,2458.9756139420183,235.42716258056,1811.613577493298,0,16814.457231260356,39.249979134835314,55818.42251943178
251,2021-03-01,0,4,1,0,1,1,1,2727.166311304907,266.5983223028877,2439.6235248009093,0,41172.64008183815,39.249979134835314,57758.978918303925
252,2021-03-01,1,4,0,1,0,2,1,1303.3256676268854,124.80060687944159,1081.2442803316535,0,34434.019272188336,39.249979134835314,57758.978918303925
253,2021-03-01,2,4,1,2,1,0,0,1335.9563349618809,131.1947227267307,1183.7856994265621,50,4607.830700446845,39.249979134835314,57758.978918303925
254,2021-03-01,3,4,1,1,1,0,1,2030.0468704135992,196.98327871110047,1794.3940345473127,0,25662.21621841168,39.249979134835314,57758.978918303925
255,2021-03-01,4,4,0,2,1,0,1,328.27269165775004,88.82077573788,179.77033161526532,50,162.3156034948036,39.249979134835314,57758.978918303925
256,2021-03-01,5,4,1,0,1,1,1,2264.5844262585565,218.5029461204947,1895.53453900674,0,66865.59311397151,39.249979134835314,57758.978918303925
257,2021-03-01,6,4,2,0,0,2,0,1608.2836332105398,156.01366381603418,1417.1133642358282,0,7331.3800884453785,39.249979134835314,57758.978918303925
258,2021-03-01,7,4,2,1,1,0,0,1489.3762258306485,145.44948203449826,1304.262705469667,50,6828.359648571701,39.249979134835314,57758.978918303925
259,2021-03-01,8,4,1,1,1,1,0,2013.6102705331828,197.89558712512505,1788.8293072962258,0,34262.951747223044,39.249979134835314,57758.978918303925
260,2021-03-01,9,4,1,0,1,0,2,761.7858821873668,153.28089586240128,421.6547314703884,0,16115.131985094693,39.249979134835314,57758.978918303925
261,2021-04-01,0,4,1,0,1,1,1,1636.202248904079,157.50191606280487,1308.4208383251607,0,42249.16600660632,39.249979134835314,59994.540795832196
262,2021-04-01,1,4,0,1,0,2,1,1599.886093999134,154.45664951666646,1419.7658882872229,0,34701.68554592125,39.249979134835314,59994.540795832196
263,2021-04-01,2,4,1,2,1,0,0,1588.9372941383124,156.4928186443738,1433.7334637170075,0,4439.533474365723,39.249979134835314,59994.540795832196
264,2021-04-01,3,4,1,1,1,0,1,1458.2323964182517,139.80183131156573,1201.0350344045567,0,25876.26274171269,39.249979134835314,59994.540795832196
265,2021-04-01,4,4,0,2,1,0,1,510.2754954614112,107.02105611824612,373.1656608411032,0,89.94800714567404,39.249979134835314,59994.540795832196
266,2021-04-01,5,4,1,0,1,1,1,3506.9483175926007,342.73933525389924,3208.8904064184967,0,69228.80622942821,39.249979134835314,59994.540795832196
267,2021-04-01,6,4,2,0,0,2,0,1603.7520496734164,155.56050546232183,1399.591390807184,50,7358.9935050142785,39.249979134835314,59994.540795832196
268,2021-04-01,7,4,2,1,1,0,0,1236.5126153287285,120.16312098430622,1056.181727808564,0,6799.953052262165,39.249979134835314,59994.540795832196
269,2021-04-01,8,4,1,1,1,1,0,2465.5445547195222,243.08901554375888,2232.9945683124647,0,34770.856198156325,39.249979134835314,59994.540795832196
270,2021-04-01,9,4,1,0,1,0,2,2250.0678534228327,214.53638652864143,1992.082969424013,0,16167.601071930909,39.249979134835314,59994.540795832196
271,2021-05-01,0,4,1,0,1,1,1,2583.1981986278092,252.20151103517787,2364.513194288974,0,43934.988602440855,39.249979134835314,62136.75943203497
272,2021-05-01,1,4,0,1,0,2,1,1278.4237932321714,122.31041943997023,1068.6475448830356,0,34862.0761530223,39.249979134835314,62136.75943203497
273,2021-05-01,2,4,1,2,1,0,0,1395.9335470433844,137.19244393488106,1215.431620704437,50,4727.797879277463,39.249979134835314,62136.75943203497
274,2021-05-01,3,4,1,1,1,0,1,1679.7606126982826,161.9546529395688,1479.7446980841225,0,26322.47053863709,39.249979134835314,62136.75943203497
275,2021-05-01,4,4,0,2,1,0,1,472.0179659545909,103.19530316756409,316.70785095391665,50,133.56113210997515,39.249979134835314,62136.75943203497
276,2021-05-01,5,4,1,0,1,1,1,2754.462414554793,267.4907449501183,2332.1681142472835,0,70742.42632009504,39.249979134835314,62136.75943203497
277,2021-05-01,6,4,2,0,0,2,0,1486.1794297483332,143.80324346981345,1282.4719292358127,0,8022.8127192280335,39.249979134835314,62136.75943203497
278,2021-05-01,7,4,2,1,1,0,0,1357.023302996899,132.21418975112329,1201.9787765269268,50,6169.94514134563,39.249979134835314,62136.75943203497
279,2021-05-01,8,4,1,1,1,1,0,2335.580097351325,230.0925698069392,2057.8366825256326,0,35666.45542742563,39.249979134835314,62136.75943203497
280,2021-05-01,9,4,1,0,1,0,2,2580.347144195996,247.5643156059577,2261.106769530936,0,15794.5061955143,39.249979134835314,62136.75943203497
281,2021-06-01,0,4,1,0,1,1,1,3156.252601247402,309.50695129713716,2842.868001936193,0,44770.6376130998,39.249979134835314,64583.082004691634
282,2021-06-01,1,4,0,1,0,2,1,1760.146851954946,170.4827253122477,1582.5168336825063,0,34973.5290696627,39.249979134835314,64583.082004691634
283,2021-06-01,2,4,1,2,1,0,0,1381.983848397988,135.79747407034142,1220.7822967685333,0,5098.572518065565,39.249979134835314,64583.082004691634
284,2021-06-01,3,4,1,1,1,0,1,2811.044678695141,275.0830595392547,2588.8759424529776,0,27156.914806446694,39.249979134835314,64583.082004691634
285,2021-06-01,4,4,0,2,1,0,1,316.8337733872861,87.67688391083358,165.34941133729382,0,63.72619963996318,39.249979134835314,64583.082004691634
286,2021-06-01,5,4,1,0,1,1,1,3785.989128953361,370.64341638997513,3438.9434189496324,0,74000.39657914809,39.249979134835314,64583.082004691634
287,2021-06-01,6,4,2,0,0,2,0,889.7686692427321,84.16216741925338,697.8184307227202,50,7612.392996478048,39.249979134835314,64583.082004691634
288,2021-06-01,7,4,2,1,1,0,0,1410.1775608035543,137.52961553178883,1243.081965566765,0,5829.283217326451,39.249979134835314,64583.082004691634
289,2021-06-01,8,4,1,1,1,1,0,2715.562299553525,268.0907900271593,2450.815330464653,0,37251.7703468673,39.249979134835314,64583.082004691634
290,2021-06-01,9,4,1,0,1,0,2,1736.2064587063614,163.15024705699432,1383.9381549639852,0,15270.878954472757,39.249979134835314,64583.082004691634
291,2021-07-01,0,4,1,0,1,1,1,2021.6153670454507,196.04322787694198,1650.925327472283,0,46267.694186590634,39.249979134835314,66509.14401410588
292,2021-07-01,1,4,0,1,0,2,1,1455.2854662569553,139.99658674244859,1229.483142112238,0,34641.843761888005,39.249979134835314,66509.14401410588
293,2021-07-01,2,4,1,2,1,0,0,1325.9985324768484,130.19894247822748,1166.1919507119333,50,5294.267017841504,39.249979134835314,66509.14401410588
294,2021-07-01,3,4,1,1,1,0,1,1246.504834712809,118.62907514102147,911.2076918709604,0,26624.55478677229,39.249979134835314,66509.14401410588
295,2021-07-01,4,4,0,2,1,0,1,568.1038537063993,112.80389194274493,432.1379109131375,50,308.4489668250011,39.249979134835314,66509.14401410588
296,2021-07-01,5,4,1,0,1,1,1,1999.915873013028,192.03609079594173,1549.7174915694427,0,74757.51549297983,39.249979134835314,66509.14401410588
297,2021-07-01,6,4,2,0,0,2,0,1409.153994544104,136.10069994939056,1276.844832074652,0,8176.27217889732,39.249979134835314,66509.14401410588
298,2021-07-01,7,4,2,1,1,0,0,1195.5957800431725,116.07143745575064,1023.1847590257177,50,5916.60836343764,39.249979134835314,66509.14401410588
299,2021-07-01,8,4,1,1,1,1,0,2467.710710118254,243.30563108363214,2164.9655208091613,0,39020.4094474788,39.249979134835314,66509.14401410588
300,2021-07-01,9,4,1,0,1,0,2,2071.4758266011113,196.67718384646926,1803.6215914076981,0,15970.835309098204,39.249979134835314,66509.14401410588
301,2021-08-01,0,4,1,0,1,1,1,2591.4956867555984,253.03125984795685,2334.269370602626,0,47481.33583086102,39.249979134835314,68715.32070163582
302,2021-08-01,1,4,0,1,0,2,1,1468.1318033608195,141.28122045283502,1272.8156177859012,0,35156.70808582719,39.249979134835314,68715.32070163582
303,2021-08-01,2,4,1,2,1,0,0,1350.3760218936695,132.63669141990957,1196.167971720868,0,5287.688474950517,39.249979134835314,68715.32070163582
304,2021-08-01,3,4,1,1,1,0,1,2628.9003578235106,256.8686274520917,2450.057199379895,0,27741.81536716972,39.249979134835314,68715.32070163582
305,2021-08-01,4,4,0,2,1,0,1,618.2500052603252,117.81850709813752,457.1570544351523,0,241.16548862116986,39.249979134835314,68715.32070163582
306,2021-08-01,5,4,1,0,1,1,1,2261.571714611386,218.20167495577763,1989.9806587618343,0,75153.66082951725,39.249979134835314,68715.32070163582
307,2021-08-01,6,4,2,0,0,2,0,1179.409329978986,113.1262334928788,995.1616349793973,50,7104.9769050274,39.249979134835314,68715.32070163582
308,2021-08-01,7,4,2,1,1,0,0,996.7487604680612,96.1867354982395,845.7959175266443,0,5901.750999299215,39.249979134835314,68715.32070163582
309,2021-08-01,8,4,1,1,1,1,0,2150.2147655433428,211.556036626141,1872.254735177778,0,39425.443788598735,39.249979134835314,68715.32070163582
310,2021-08-01,9,4,1,0,1,0,2,2317.4085739794336,221.2704585843016,2016.0274019965461,0,17809.735637668608,39.249979134835314,68715.32070163582
311,2021-09-01,0,4,1,0,1,1,1,2447.382952501257,238.61998642252254,2133.1686043772693,0,48862.797541000335,39.249979134835314,70709.03138440107
312,2021-09-01,1,4,0,1,0,2,1,2444.585443547389,238.926584471492,2247.984624262085,0,36436.60092840788,39.249979134835314,70709.03138440107
313,2021-09-01,2,4,1,2,1,0,0,1356.7906119392912,133.27815042447173,1200.144812824808,50,5342.6780776685355,39.249979134835314,70709.03138440107
314,2021-09-01,3,4,1,1,1,0,1,2072.593892121583,201.2379808818989,1755.511181366897,0,27746.301396813462,39.249979134835314,70709.03138440107
315,2021-09-01,4,4,0,2,1,0,1,433.6423682624636,99.35774339835136,267.53480228189784,50,75.6633285402967,39.249979134835314,70709.03138440107
316,2021-09-01,5,4,1,0,1,1,1,1934.453262527199,235.7265280670124,1636.6966225178116,0,76256.87086947076,39.249979134835314,70709.03138440107
317,2021-09-01,6,4,2,0,0,2,0,1065.5578626872416,101.74108676370432,904.2846341441644,0,7027.074667468239,39.249979134835314,70709.03138440107
318,2021-09-01,7,4,2,1,1,0,0,1451.0092118833822,141.6127806397716,1319.9410708994765,50,6258.950840976279,39.249979134835314,70709.03138440107
319,2021-09-01,8,4,1,1,1,1,0,1856.884787454536,182.22303881726026,1610.6743515464616,0,40366.467194578996,39.249979134835314,70709.03138440107
320,2021-09-01,9,4,1,0,1,0,2,1324.5842890380295,121.98803009016115,998.6098423173096,0,16939.52867421238,39.249979134835314,70709.03138440107
321,2021-10-01,0,4,1,0,1,1,1,1808.131205229816,174.6948116953786,1508.3281305312628,0,49364.26508572704,39.249979134835314,72906.84135828791
322,2021-10-01,1,4,0,1,0,2,1,1757.9482139393592,170.26286151068894,1463.7020306353977,0,37195.52059463919,39.249979134835314,72906.84135828791
323,2021-10-01,2,4,1,2,1,0,0,1058.969653003685,103.49605453091112,901.6823948846393,0,5403.335165971408,39.249979134835314,72906.84135828791
324,2021-10-01,3,4,1,1,1,0,1,2100.6512404872465,204.0437157184652,1839.1991763027534,0,27722.005142705955,39.249979134835314,72906.84135828791
325,2021-10-01,4,4,0,2,1,0,1,396.60165719402846,95.65367229150783,248.9548549132489,0,161.96860538165365,39.249979134835314,72906.84135828791
326,2021-10-01,5,4,1,0,1,1,1,3246.7008836441573,316.7145918590548,2931.419390523535,0,78535.02067642694,39.249979134835314,72906.84135828791
327,2021-10-01,6,4,2,0,0,2,0,1280.6961268292944,123.2549131779096,1130.8080450153916,50,6601.5491443253295,39.249979134835314,72906.84135828791
328,2021-10-01,7,4,2,1,1,0,0,1334.0668020121075,129.91853965264417,1157.5726158866698,0,6377.731097843735,39.249979134835314,72906.84135828791
329,2021-10-01,8,4,1,1,1,1,0,2082.639079730462,204.7984680448529,1865.761641631269,0,41305.27712362844,39.249979134835314,72906.84135828791
330,2021-10-01,9,4,1,0,1,0,2,2412.435021173612,230.77310330371938,2185.7430029470324,0,18068.73036511847,39.249979134835314,72906.84135828791
331,2021-11-01,0,4,1,0,1,1,1,2807.878610649387,274.66955223733555,2572.000710677977,0,49716.45463202903,39.249979134835314,75116.10353026509
332,2021-11-01,1,4,0,1,0,2,1,1289.7764150042487,123.44568161717793,1064.1939546610902,0,37275.86848771118,39.249979134835314,75116.10353026509
333,2021-11-01,2,4,1,2,1,0,0,1403.901124889047,137.9892017194473,1276.395962663562,50,5565.983019525216,39.249979134835314,75116.10353026509
334,2021-11-01,3,4,1,1,1,0,1,1936.1959930706141,187.598190976802,1671.938194049554,0,28337.797150810078,39.249979134835314,75116.10353026509
335,2021-11-01,4,4,0,2,1,0,1,563.065383635428,112.30004493564779,419.12265246149207,50,260.6784352004872,39.249979134835314,75116.10353026509
336,2021-11-01,5,4,1,0,1,1,1,2490.134054027011,241.0579088973401,2093.8644971143467,0,80645.4823039589,39.249979134835314,75116.10353026509
337,2021-11-01,6,4,2,0,0,2,0,1380.3942344154339,133.2247239365236,1208.9923261873264,0,6479.432257483842,39.249979134835314,75116.10353026509
338,2021-11-01,7,4,2,1,1,0,0,1540.9379376436716,150.60565321580054,1376.1379925053616,50,6264.326855453608,39.249979134835314,75116.10353026509
339,2021-11-01,8,4,1,1,1,1,0,2494.928397258103,246.02739979761702,2255.475529931317,0,42898.23238691694,39.249979134835314,75116.10353026509
340,2021-11-01,9,4,1,0,1,0,2,2686.149713554289,258.144572541787,2350.672622114151,0,17922.98820069197,39.249979134835314,75116.10353026509
341,2021-12-01,0,4,1,0,1,1,1,2146.9685381839045,208.57854499078738,1811.1158976705387,0,50412.34360796125,39.249979134835314,77423.77371236299
342,2021-12-01,1,4,0,1,0,2,1,1558.5210854004254,150.3201486567956,1379.755804950778,0,38057.24199928493,39.249979134835314,77423.77371236299
343,2021-12-01,2,4,1,2,1,0,0,1235.2569022895939,121.124779459502,1073.258592875573,0,5615.25938239645,39.249979134835314,77423.77371236299
344,2021-12-01,3,4,1,1,1,0,1,2324.7468651548857,226.45327818522912,2076.934590875489,0,28428.972116487465,39.249979134835314,77423.77371236299
345,2021-12-01,4,4,0,2,1,0,1,546.8925393804983,110.68276051015482,386.3034355624224,0,162.65855069170058,39.249979134835314,77423.77371236299
346,2021-12-01,5,4,1,0,1,1,1,3239.614516927605,316.00595518739954,2919.001642976655,0,82917.42219023926,39.249979134835314,77423.77371236299
347,2021-12-01,6,4,2,0,0,2,0,1064.6302298022356,101.64832347520374,883.2585108155138,50,6938.173075480489,39.249979134835314,77423.77371236299
348,2021-12-01,7,4,2,1,1,0,0,1442.5813747033606,140.76999692176943,1257.0943160018935,0,6660.1456992224485,39.249979134835314,77423.77371236299
349,2021-12-01,8,4,1,1,1,1,0,2282.5647899169558,224.79103906350232,2001.8829908374055,0,43153.21295772353,39.249979134835314,77423.77371236299
350,2021-12-01,9,4,1,0,1,0,2,2735.665123595103,263.0961135458685,2372.816562916898,0,18611.211750267506,39.249979134835314,77423.77371236299
351,2022-01-01,0,4,1,0,1,1,1,2563.9970681641753,250.28139798881446,2294.2354348973577,0,52041.68582783887,39.249979134835314,79524.98141137348
352,2022-01-01,1,4,0,1,0,2,1,2481.869364706972,242.6549765874503,2276.2296172177066,0,40211.26247071847,39.249979134835314,79524.98141137348
353,2022-01-01,2,4,1,2,1,0,0,1509.0379590470254,148.50288513524515,1363.9040718929493,50,5727.1034693843885,39.249979134835314,79524.98141137348
354,2022-01-01,3,4,1,1,1,0,1,2136.7811976090547,207.65671143064603,1850.1138361212309,0,28397.167382483793,39.249979134835314,79524.98141137348
355,2022-01-01,4,4,0,2,1,0,1,320.007433420971,87.9942499142021,161.03561402838795,50,266.6233535339578,39.249979134835314,79524.98141137348
356,2022-01-01,5,4,1,0,1,1,1,2571.8522006833928,249.22972356297836,2176.291280442384,0,83874.48039711255,39.249979134835314,79524.98141137348
357,2022-01-01,6,4,2,0,0,2,0,1420.918855175071,137.2771860124873,1271.1235366496692,0,6594.203845578787,39.249979134835314,79524.98141137348
358,2022-01-01,7,4,2,1,1,0,0,1156.7496187853844,112.18682132997185,981.098216377949,50,5997.302943597274,39.249979134835314,79524.98141137348
359,2022-01-01,8,4,1,1,1,1,0,2031.5345475070096,199.6880148225077,1772.0891091615747,0,43265.96499217321,39.249979134835314,79524.98141137348
360,2022-01-01,9,4,1,0,1,0,2,1320.0688893814674,121.53649012450492,952.2687876991812,0,18410.87996188936,39.249979134835314,79524.98141137348
361,2022-02-01,0,4,1,0,1,1,1,2166.211951296218,210.50288630201882,1854.7474650313727,0,53369.655660569006,39.249979134835314,81794.93527022813
362,2022-02-01,1,4,0,1,0,2,1,2054.269891262179,199.895029242971,1756.2953158422595,0,41166.76117308735,39.249979134835314,81794.93527022813
363,2022-02-01,2,4,1,2,1,0,0,1855.1292832526278,183.1120175558054,1682.6172904228092,0,6207.724087478579,39.249979134835314,81794.93527022813
364,2022-02-01,3,4,1,1,1,0,1,2456.069402212092,239.58553189094985,2188.1986074788515,0,29591.20933184832,39.249979134835314,81794.93527022813
365,2022-02-01,4,4,0,2,1,0,1,545.2791452975944,110.52142110186442,408.9958365009641,0,177.0894481218502,39.249979134835314,81794.93527022813
366,2022-02-01,5,4,1,0,1,1,1,2817.803153036592,273.82481879829817,2489.0184644200035,0,85186.54843305977,39.249979134835314,81794.93527022813
367,2022-02-01,6,4,2,0,0,2,0,1097.680372751794,104.95333777015956,912.2561916891084,50,6731.810919203764,39.249979134835314,81794.93527022813
368,2022-02-01,7,4,2,1,1,0,0,1363.5365894876065,132.86551840019402,1216.4683626719686,0,5574.928834601114,39.249979134835314,81794.93527022813
369,2022-02-01,8,4,1,1,1,1,0,2074.5608448780717,203.99064455961383,1840.2184307736304,0,44087.447572393816,39.249979134835314,81794.93527022813
370,2022-02-01,9,4,1,0,1,0,2,1769.7380994471573,166.5034111310739,1543.497621186234,0,18264.90858546576,39.249979134835314,81794.93527022813
371,2022-03-01,0,4,1,0,1,1,1,2223.542905934094,216.2359817658064,1951.8569313560447,0,54211.99212336374,39.249979134835314,83777.86989446156
372,2022-03-01,1,4,0,1,0,2,1,1503.154738017431,144.78351391849614,1247.9401099419906,0,41066.12819235989,39.249979134835314,83777.86989446156
373,2022-03-01,2,4,1,2,1,0,0,715.3711962017468,69.13620885071728,508.2500709513672,50,5828.563122829967,39.249979134835314,83777.86989446156
374,2022-03-01,3,4,1,1,1,0,1,2292.6556707149184,223.24415874123244,1992.8560555213744,0,29897.746232187164,39.249979134835314,83777.86989446156
375,2022-03-01,4,4,0,2,1,0,1,414.3347673997392,97.42698331207892,255.5242874154465,50,292.0486804673202,39.249979134835314,83777.86989446156
376,2022-03-01,5,4,1,0,1,1,1,2625.788804097267,254.62338390436577,2272.409020245359,0,87146.99217974966,39.249979134835314,83777.86989446156
377,2022-03-01,6,4,2,0,0,2,0,1514.1287589732183,146.59817639230195,1361.0284261528607,0,7194.891642345275,39.249979134835314,83777.86989446156
378,2022-03-01,7,4,2,1,1,0,0,1605.44430103588,157.0562895550214,1437.6973771500195,50,5994.0797293808155,39.249979134835314,83777.86989446156
379,2022-03-01,8,4,1,1,1,1,0,1589.4182556892554,155.47638564073225,1350.7732118477088,0,44473.41881036324,39.249979134835314,83777.86989446156
380,2022-03-01,9,4,1,0,1,0,2,1846.2469886462063,174.1543000509788,1575.039589378714,0,18996.87648144143,39.249979134835314,83777.86989446156
381,2022-04-01,0,4,1,0,1,1,1,1916.5117403528354,185.53286520768052,1639.0926703109988,0,55344.74061833153,39.249979134835314,86105.67500581521
382,2022-04-01,1,4,0,1,0,2,1,1801.108915119529,174.57893162870602,1601.0058023685633,0,42083.16502294855,39.249979134835314,86105.67500581521
383,2022-04-01,2,4,1,2,1,0,0,1223.6840457236474,119.96749380290736,1130.538729178356,0,5505.034349295242,39.249979134835314,86105.67500581521
384,2022-04-01,3,4,1,1,1,0,1,2278.2384990210753,221.8024415718481,1994.7802569772489,0,30262.17142251462,39.249979134835314,86105.67500581521
385,2022-04-01,4,4,0,2,1,0,1,491.4175983753285,105.13526640963785,345.7015561808214,0,422.9312831629378,39.249979134835314,86105.67500581521
386,2022-04-01,5,4,1,0,1,1,1,3944.706807852653,386.5151842799045,3610.528458894679,0,90153.87998168817,39.249979134835314,86105.67500581521
387,2022-04-01,6,4,2,0,0,2,0,1269.6283194604134,122.14813244102152,1074.883148017913,50,6516.963427101389,39.249979134835314,86105.67500581521
388,2022-04-01,7,4,2,1,1,0,0,1133.6272364433642,109.87458309576981,941.6895414026764,0,5755.981811722099,39.249979134835314,86105.67500581521
389,2022-04-01,8,4,1,1,1,1,0,2224.1085845333123,218.94541852513782,2033.9777996106463,0,45755.451600085966,39.249979134835314,86105.67500581521
390,2022-04-01,9,4,1,0,1,0,2,2495.759511030232,239.10555228938136,2216.9012228428346,0,18514.410506179152,39.249979134835314,86105.67500581521
391,2022-05-01,0,4,1,0,1,1,1,2553.492710527397,249.23096222513664,2306.7767570436863,0,56266.33569989179,39.249979134835314,88066.21755160963
392,2022-05-01,1,4,0,1,0,2,1,1376.0968137820755,132.0777214949606,1146.1982833209,0,43215.158276668786,39.249979134835314,88066.21755160963
393,2022-05-01,2,4,1,2,1,0,0,1199.7192459057853,117.57101382112113,1055.742644408304,50,5495.5010726163955,39.249979134835314,88066.21755160963
394,2022-05-01,3,4,1,1,1,0,1,1429.3487323504478,190.74460290904548,1147.3322074760056,0,30641.830213190267,39.249979134835314,88066.21755160963
395,2022-05-01,4,4,0,2,1,0,1,314.7317721018503,87.46668378229002,161.30744680978424,50,96.84414748237877,39.249979134835314,88066.21755160963
396,2022-05-01,5,4,1,0,1,1,1,2865.268913334554,278.57139482809447,2399.19876400104,0,92532.95033262344,39.249979134835314,88066.21755160963
397,2022-05-01,6,4,2,0,0,2,0,913.339694087578,86.51926990373795,743.0445665963582,0,6703.527438286715,39.249979134835314,88066.21755160963
398,2022-05-01,7,4,2,1,1,0,0,907.2884047231315,87.24069992374659,762.5324161416958,50,5579.763823238846,39.249979134835314,88066.21755160963
399,2022-05-01,8,4,1,1,1,1,0,2432.8881834244085,239.82337841424754,2179.288365617337,0,46014.65051182169,39.249979134835314,88066.21755160963
400,2022-05-01,9,4,1,0,1,0,2,2078.0139881836717,197.33100000472547,1734.204447757873,0,17899.835292667827,39.249979134835314,88066.21755160963
401,2022-06-01,0,4,1,0,1,1,1,2076.4852756449122,201.53021873688817,1766.071225143745,0,57451.35115693103,39.249979134835314,90066.07306111245
402,2022-06-01,1,4,0,1,0,2,1,1574.8964591798292,151.95768603473596,1387.499138852399,0,43637.53792092697,39.249979134835314,90066.07306111245
403,2022-06-01,2,4,1,2,1,0,0,1375.5643295104596,135.1555221815886,1233.9842079947648,0,5504.810613387677,39.249979134835314,90066.07306111245
404,2022-06-01,3,4,1,1,1,0,1,1993.929960158815,193.371587685622,1742.9712739471756,0,30368.88544398456,39.249979134835314,90066.07306111245
405,2022-06-01,4,4,0,2,1,0,1,414.1896077096028,97.41246734306529,278.4338650448846,0,333.2842871685576,39.249979134835314,90066.07306111245
406,2022-06-01,5,4,1,0,1,1,1,2363.792769781161,228.42378047275508,2005.6664098994565,0,93584.5790605494,39.249979134835314,90066.07306111245
407,2022-06-01,6,4,2,0,0,2,0,951.4359142571916,90.32889192069929,816.7696493032553,50,6638.0829229174415,39.249979134835314,90066.07306111245
408,2022-06-01,7,4,2,1,1,0,0,1464.5903583622705,142.97089528766045,1342.4682529528575,0,6149.685170533863,39.249979134835314,90066.07306111245
409,2022-06-01,8,4,1,1,1,1,0,1940.219293090564,190.55648938086307,1665.7415153943832,0,46753.80809266094,39.249979134835314,90066.07306111245
410,2022-06-01,9,4,1,0,1,0,2,1344.1912717088921,123.9487283572474,1042.1562835677485,0,17566.021546378455,39.249979134835314,90066.07306111245
411,2022-07-01,0,4,1,0,1,1,1,2841.679747695407,278.0496659419377,2578.966440682489,0,58857.255790514646,39.249979134835314,92113.49476535489
412,2022-07-01,1,4,0,1,0,2,1,1206.4311188429988,115.11115200105291,999.1538339757933,0,43489.74972105927,39.249979134835314,92113.49476535489
413,2022-07-01,2,4,1,2,1,0,0,1522.2258696938868,149.82167619993132,1363.0612398177245,50,5686.905741344775,39.249979134835314,92113.49476535489
414,2022-07-01,3,4,1,1,1,0,1,1696.3516282180542,163.613754491546,1442.7659572298376,0,30131.971024286515,39.249979134835314,92113.49476535489
415,2022-07-01,4,4,0,2,1,0,1,494.446098718877,105.43811644399271,348.7445724933837,50,198.126505236174,39.249979134835314,92113.49476535489
416,2022-07-01,5,4,1,0,1,1,1,2598.206800377276,251.8651835323666,2290.228054850911,0,95293.9520559582,39.249979134835314,92113.49476535489
417,2022-07-01,6,4,2,0,0,2,0,1523.370580994158,147.522358594396,1384.8946940232604,0,7110.683822676508,39.249979134835314,92113.49476535489
418,2022-07-01,7,4,2,1,1,0,0,1286.242717131051,125.13613116453851,1108.3904163577242,50,6132.712466397943,39.249979134835314,92113.49476535489
419,2022-07-01,8,4,1,1,1,1,0,2095.362912768859,206.0708513486926,1870.152024106063,0,48352.45478394778,39.249979134835314,92113.49476535489
420,2022-07-01,9,4,1,0,1,0,2,1710.6397123595605,160.59357242231425,1481.9869958658944,0,16574.931750141786,39.249979134835314,92113.49476535489
421,2022-08-01,0,4,1,0,1,1,1,2573.262256284817,251.20791680087868,2234.029502066849,0,60267.802124066075,39.249979134835314,94151.24316813763
422,2022-08-01,1,4,0,1,0,2,1,1637.169011576203,158.18494127437333,1466.7382607426803,0,44465.94982732066,39.249979134835314,94151.24316813763
423,2022-08-01,2,4,1,2,1,0,0,1239.2406912124256,121.52315835178517,1065.4099073179202,0,5640.41589331421,39.249979134835314,94151.24316813763
424,2022-08-01,3,4,1,1,1,0,1,2158.8875475986983,209.8673464296104,1935.059709804558,0,30837.650897201587,39.249979134835314,94151.24316813763
425,2022-08-01,4,4,0,2,1,0,1,545.2791452975944,110.52142110186442,391.5519699711735,0,273.2812465200498,39.249979134835314,94151.24316813763
426,2022-08-01,5,4,1,0,1,1,1,1960.6341301072312,188.10791650536208,1629.2139815212545,0,95993.492319666,39.249979134835314,94151.24316813763
427,2022-08-01,6,4,2,0,0,2,0,1277.7599490171926,122.96129539669943,1082.0905953725985,50,6645.9012356323365,39.249979134835314,94151.24316813763
428,2022-08-01,7,4,2,1,1,0,0,1007.071632299846,97.21902268141798,847.0540956496411,0,5812.136853569987,39.249979134835314,94151.24316813763
429,2022-08-01,8,4,1,1,1,1,0,1853.7235665969085,181.90691673149757,1612.9983159662827,0,48581.57041681704,39.249979134835314,94151.24316813763
430,2022-08-01,9,4,1,0,1,0,2,1625.196242212164,152.04922540757457,1359.8986816534316,0,16594.482378455028,39.249979134835314,94151.24316813763
431,2022-09-01,0,4,1,0,1,1,1,2545.972166858529,248.4789078582498,2233.5811617816194,0,61286.27041620813,39.249979134835314,96321.56940298683
432,2022-09-01,1,4,0,1,0,2,1,1646.4871917173905,159.11675928849206,1432.9826516105472,0,45148.3617541888,39.249979134835314,96321.56940298683
433,2022-09-01,2,4,1,2,1,0,0,1329.5417449162587,130.55326372216848,1184.0094788698993,50,5833.276906287647,39.249979134835314,96321.56940298683
434,2022-09-01,3,4,1,1,1,0,1,3515.386519302641,345.51724360000463,3245.3050895704364,0,32348.783478071626,39.249979134835314,96321.56940298683
435,2022-09-01,4,4,0,2,1,0,1,414.1896077096028,97.41246734306529,255.37912772531018,50,95.52826004819129,39.249979134835314,96321.56940298683
436,2022-09-01,5,4,1,0,1,1,1,2913.897200983377,283.4342235929767,2646.234319424405,0,98320.49646948554,39.249979134835314,96321.56940298683
437,2022-09-01,6,4,2,0,0,2,0,1029.4769039055773,98.13299088553794,858.3686134586795,0,6446.236296319305,39.249979134835314,96321.56940298683
438,2022-09-01,7,4,2,1,1,0,0,1026.0624246051063,99.11810191194401,893.9619964380223,50,5647.1235950243945,39.249979134835314,96321.56940298683
439,2022-09-01,8,4,1,1,1,1,0,1985.9797151886612,195.13253159067293,1769.4183991752316,0,49956.92830747653,39.249979134835314,96321.56940298683
440,2022-09-01,9,4,1,0,1,0,2,1797.0090176804008,169.23050295439825,1540.2558041364075,0,15838.622961512041,39.249979134835314,96321.56940298683
441,2022-10-01,0,4,1,0,1,1,1,2694.876293935651,263.36932056596197,2385.214297801371,0,61835.74740318048,39.249979134835314,98317.5732492206
442,2022-10-01,1,4,0,1,0,2,1,1589.0741985261593,153.375459969369,1374.6378404051975,0,45829.741105128654,39.249979134835314,98317.5732492206
443,2022-10-01,2,4,1,2,1,0,0,1214.4945492768695,119.0485441582296,1059.9321778601275,0,5799.170124031996,39.249979134835314,98317.5732492206
444,2022-10-01,3,4,1,1,1,0,1,2338.44649660816,227.82324133055653,1932.7151697055606,0,33119.85555724663,39.249979134835314,98317.5732492206
445,2022-10-01,4,4,0,2,1,0,1,375.3372147360045,93.52722804570543,229.63568851051102,0,153.73311793089943,39.249979134835314,98317.5732492206
446,2022-10-01,5,4,1,0,1,1,1,1826.5542482907847,174.6999283237176,1463.5650596441985,0,98793.47336494383,39.249979134835314,98317.5732492206
447,2022-10-01,6,4,2,0,0,2,0,1146.7790426923552,109.86320476421572,1000.4990567566192,50,7031.137441661029,39.249979134835314,98317.5732492206
448,2022-10-01,7,4,2,1,1,0,0,1165.5639045785374,113.06824990928715,1031.5643971809275,0,5806.103579352639,39.249979134835314,98317.5732492206
449,2022-10-01,8,4,1,1,1,1,0,2040.039180241939,200.53847809600052,1810.252249369333,0,50932.06790471293,39.249979134835314,98317.5732492206
450,2022-10-01,9,4,1,0,1,0,2,1025.717658714886,157.78089690082658,751.7831676240692,0,14615.493158298941,39.249979134835314,98317.5732492206
451,2022-11-01,0,4,1,0,1,1,1,2716.9973307793034,265.58142425032736,2392.4449219373114,0,62924.97157183072,39.249979134835314,100424.5006798452
452,2022-11-01,1,4,0,1,0,2,1,1379.7759593695896,132.445636053712,1171.0809005677506,0,45901.57512267535,39.249979134835314,100424.5006798452
453,2022-11-01,2,4,1,2,1,0,0,977.4779963462688,95.34688886516943,834.4203444934648,50,5366.909260176757,39.249979134835314,100424.5006798452
454,2022-11-01,3,4,1,1,1,0,1,2762.7903032683253,270.2576219965731,2474.7529786351747,0,34281.34972612205,39.249979134835314,100424.5006798452
455,2022-11-01,4,4,0,2,1,0,1,418.64502623485686,97.85800919559068,276.82873930672326,50,391.78686397251533,39.249979134835314,100424.5006798452
456,2022-11-01,5,4,1,0,1,1,1,2880.7021148719946,280.1147149818385,2626.4472214946672,0,100715.30049422466,39.249979134835314,100424.5006798452
457,2022-11-01,6,4,2,0,0,2,0,1055.8082634442237,100.76612683940252,897.7980636298096,0,6938.064712421093,39.249979134835314,100424.5006798452
458,2022-11-01,7,4,2,1,1,0,0,996.2696131575392,96.13882076718731,848.3199577625861,50,5464.470475027585,39.249979134835314,100424.5006798452
459,2022-11-01,8,4,1,1,1,1,0,2174.698327956155,214.00439286742215,1939.5054505782211,0,52153.14255812988,39.249979134835314,100424.5006798452
460,2022-11-01,9,4,1,0,1,0,2,2206.849515193656,210.21455270572378,1944.3646301564108,0,15100.047092304329,39.249979134835314,100424.5006798452
461,2022-12-01,0,4,1,0,1,1,1,1660.0674436071085,159.88843553310778,1333.3029310807503,0,63929.758417918136,39.249979134835314,102418.05247040825
462,2022-12-01,1,4,0,1,0,2,1,1586.4868264188208,153.11672275863512,1398.7215915326392,0,46368.102584561086,39.249979134835314,102418.05247040825
463,2022-12-01,2,4,1,2,1,0,0,1509.4376125665449,148.5428504871971,1390.0816160068014,0,5469.960638064123,39.249979134835314,102418.05247040825
464,2022-12-01,3,4,1,1,1,0,1,1884.3042488968613,182.40901655942682,1553.8325435976944,0,35018.007035778865,39.249979134835314,102418.05247040825
465,2022-12-01,4,4,0,2,1,0,1,392.7800055614426,95.27150712824923,246.6329374834237,0,102.18362933202751,39.249979134835314,102418.05247040825
466,2022-12-01,5,4,1,0,1,1,1,1593.0274141626367,151.3472449109027,1233.3577341271887,0,102037.80450757255,39.249979134835314,102418.05247040825
467,2022-12-01,6,4,2,0,0,2,0,1524.9659867191795,147.68189916689815,1376.0528648295788,50,6885.929075721337,39.249979134835314,102418.05247040825
468,2022-12-01,7,4,2,1,1,0,0,1098.986867158561,106.41054616728952,967.9666409057075,0,5597.503303635946,39.249979134835314,102418.05247040825
469,2022-12-01,8,4,1,1,1,1,0,2442.60868972102,240.79542904390868,2193.9498975716647,0,53131.670657770876,39.249979134835314,102418.05247040825
470,2022-12-01,9,4,1,0,1,0,2,1743.5929551937331,163.88889670573147,1428.6744143515912,0,14977.244037795144,39.249979134835314,102418.05247040825
471,2023-01-01,0,4,1,0,1,1,1,2738.0060460528603,267.682295777683,2516.9345222437223,0,65236.15012937447,39.249979134835314,104364.79254856656
472,2023-01-01,1,4,0,1,0,2,1,1531.7357579996592,147.64161591671896,1323.2994364085546,0,47033.13071441124,39.249979134835314,104364.79254856656
473,2023-01-01,2,4,1,2,1,0,0,1229.6710953652873,120.5661987670713,1057.1191371835162,50,5287.215045203904,39.249979134835314,104364.79254856656
474,2023-01-01,3,4,1,1,1,0,1,2072.5315245744423,201.23174412718484,1829.908424712421,0,35833.15682242159,39.249979134835314,104364.79254856656
475,2023-01-01,4,4,0,2,1,0,1,324.50416815728715,88.4439233878337,180.94360214660972,50,99.54343339320506,39.249979134835314,104364.79254856656
476,2023-01-01,5,4,1,0,1,1,1,2175.164404125375,209.56094390717652,1944.2621941608625,0,104044.8088847492,39.249979134835314,104364.79254856656
477,2023-01-01,6,4,2,0,0,2,0,1436.270328903987,138.8123333853789,1240.4414346868907,0,6826.4774808100565,39.249979134835314,104364.79254856656
478,2023-01-01,7,4,2,1,1,0,0,1005.9582336167352,97.10768281310692,864.6662819637796,50,5558.805618655298,39.249979134835314,104364.79254856656
479,2023-01-01,8,4,1,1,1,1,0,2403.533787134783,236.887938785285,2128.083958808941,0,53939.50438252663,39.249979134835314,104364.79254856656
480,2023-01-01,9,4,1,0,1,0,2,1004.5027225223573,136.12736222307856,735.9098376802075,0,13841.745940336928,39.249979134835314,104364.79254856656
481,2023-02-01,0,4,1,0,1,1,1,2640.571435914365,257.93883476383337,2311.7060518606518,0,67021.5474513374,39.249979134835314,106509.124388354
482,2023-02-01,1,4,0,1,0,2,1,2236.6196102157987,218.13000113833297,2033.6583954666105,0,48792.80793197424,39.249979134835314,106509.124388354
483,2023-02-01,2,4,1,2,1,0,0,1577.7510550124464,155.37419473178718,1433.1757485508008,0,5378.410276093105,39.249979134835314,106509.124388354
484,2023-02-01,3,4,1,1,1,0,1,1851.508561083349,179.12944777807547,1590.06273365357,0,36153.7755315818,39.249979134835314,106509.124388354
485,2023-02-01,4,4,0,2,1,0,1,690.8361014995984,125.07711672206484,554.1031192293366,0,265.47447007323854,39.249979134835314,106509.124388354
486,2023-02-01,5,4,1,0,1,1,1,2315.4361698400576,223.58812047864484,2026.320260879271,0,105823.82583899537,39.249979134835314,106509.124388354
487,2023-02-01,6,4,2,0,0,2,0,1077.8852370449054,102.97382419947071,890.925908609328,50,6249.952660959233,39.249979134835314,106509.124388354
488,2023-02-01,7,4,2,1,1,0,0,1266.304407499909,123.14230020142428,1134.315319201136,0,5546.136963084769,39.249979134835314,106509.124388354
489,2023-02-01,8,4,1,1,1,1,0,1805.7031133182195,177.1048714036286,1534.1607752510013,0,52992.51156290026,39.249979134835314,106509.124388354
490,2023-02-01,9,4,1,0,1,0,2,1481.4428508212907,137.6738862684872,1240.6115004617934,0,14199.325564714616,39.249979134835314,106509.124388354
491,2023-03-01,0,4,1,0,1,1,1,1542.9694779477634,148.1786389671733,1223.8475549078994,0,67957.67355691295,39.249979134835314,108238.31083515576
492,2023-03-01,1,4,0,1,0,2,1,1204.7864148863741,114.9466816053905,931.3368149155716,0,48909.42699429282,39.249979134835314,108238.31083515576
493,2023-03-01,2,4,1,2,1,0,0,1197.6570973017294,117.36479896071558,1018.2737948753684,50,5176.20411341297,39.249979134835314,108238.31083515576
494,2023-03-01,3,4,1,1,1,0,1,1658.6154476063964,159.84013643038026,1419.2719165257265,0,36757.33396805558,39.249979134835314,108238.31083515576
495,2023-03-01,4,4,0,2,1,0,1,430.019004452137,98.99540701731868,256.65282884764406,50,162.7552957295629,39.249979134835314,108238.31083515576
496,2023-03-01,5,4,1,0,1,1,1,2846.8230001499433,276.7268035096333,2543.679914617688,0,108165.03577044123,39.249979134835314,108238.31083515576
497,2023-03-01,6,4,2,0,0,2,0,1122.27366850165,107.41266734514515,971.152849251981,0,6693.701441963796,39.249979134835314,108238.31083515576
498,2023-03-01,7,4,2,1,1,0,0,1212.6710023827322,117.7789596897066,1054.6472966956417,50,5256.686698970878,39.249979134835314,108238.31083515576
499,2023-03-01,8,4,1,1,1,1,0,1654.85944614637,162.0205046864437,1443.1001754608085,0,53358.97531166005,39.249979134835314,108238.31083515576
500,2023-03-01,9,4,1,0,1,0,2,875.667195512374,100.17006512983788,633.2893211074683,0,13935.363748526768,39.249979134835314,108238.31083515576
501,2023-04-01,0,4,1,0,1,1,1,2223.8782830452687,216.26951947692388,2014.5165558020653,0,69039.44028403818,39.249979134835314,110320.20974539973
502,2023-04-01,1,4,0,1,0,2,1,2105.9692972350067,205.06496984025367,1935.7030167971466,0,49644.345196341805,39.249979134835314,110320.20974539973
503,2023-04-01,2,4,1,2,1,0,0,1154.2123401553188,113.02032324607448,1012.8384335000287,0,4952.908069247713,39.249979134835314,110320.20974539973
504,2023-04-01,3,4,1,1,1,0,1,2267.6709835258,220.74569002232064,2047.6167637928256,0,37299.91550629355,39.249979134835314,110320.20974539973
505,2023-04-01,4,4,0,2,1,0,1,512.4837530110932,107.2418818732143,365.1992871113463,0,364.9632691902477,39.249979134835314,110320.20974539973
506,2023-04-01,5,4,1,0,1,1,1,2598.923907906566,251.9368942852956,2242.642139343323,0,109317.30712501584,39.249979134835314,110320.20974539973
507,2023-04-01,6,4,2,0,0,2,0,1239.2438731846512,119.1096878134453,1083.6842107893076,50,6927.411799578505,39.249979134835314,110320.20974539973
508,2023-04-01,7,4,2,1,1,0,0,1284.5769884775802,124.9695582991914,1131.9166233022072,0,5294.3824559395425,39.249979134835314,110320.20974539973
509,2023-04-01,8,4,1,1,1,1,0,2113.604785669395,207.89503863874617,1916.929881701018,0,54894.44930111914,39.249979134835314,110320.20974539973
510,2023-04-01,9,4,1,0,1,0,2,729.0063579866043,107.39715799158756,524.1323047203482,0,12582.58491802449,39.249979134835314,110320.20974539973
511,2023-05-01,0,4,1,0,1,1,1,2315.0526573778466,225.38695691018162,2037.6000496248928,0,70088.46859338687,39.249979134835314,112271.66417243658
512,2023-05-01,1,4,0,1,0,2,1,1808.3926536298266,175.30730547973576,1548.0080849571036,0,50662.79831337028,39.249979134835314,112271.66417243658
513,2023-05-01,2,4,1,2,1,0,0,858.8320400263153,83.48229323317412,721.8026090856669,50,5311.409894094528,39.249979134835314,112271.66417243658
514,2023-05-01,3,4,1,1,1,0,1,2220.3957564713032,216.0181673168709,1939.4359831463885,0,37754.12943834106,39.249979134835314,112271.66417243658
515,2023-05-01,4,4,0,2,1,0,1,541.7089096193909,110.16439753404407,386.1779688637484,50,104.19928285203794,39.249979134835314,112271.66417243658
516,2023-05-01,5,4,1,0,1,1,1,2626.234223918837,254.66792588652282,2294.7423645799317,0,110917.7281337928,39.249979134835314,112271.66417243658
517,2023-05-01,6,4,2,0,0,2,0,1148.5502915356785,110.040329648548,981.2936086720348,0,6562.121834090112,39.249979134835314,112271.66417243658
518,2023-05-01,7,4,2,1,1,0,0,1367.9912034964348,133.31097980107688,1208.1402397115774,50,5642.555659003917,39.249979134835314,112271.66417243658
519,2023-05-01,8,4,1,1,1,1,0,2062.580307400869,202.79259081189358,1820.0308694801893,0,55264.586171563154,39.249979134835314,112271.66417243658
520,2023-05-01,9,4,1,0,1,0,2,1065.5463712673202,96.0842383130902,853.4452251393143,0,12310.309514691891,39.249979134835314,112271.66417243658
521,2023-06-01,0,4,1,0,1,1,1,2209.613653574056,236.09470271208093,1923.0436083878446,0,70832.52446053817,39.249979134835314,114538.19418981194
522,2023-06-01,1,4,0,1,0,2,1,1229.776049705679,117.44564508732094,999.1491453934736,0,50811.325537963465,39.249979134835314,114538.19418981194
523,2023-06-01,2,4,1,2,1,0,0,1508.6039006033234,148.45947929087498,1401.1124996755755,0,5431.019473723193,39.249979134835314,114538.19418981194
524,2023-06-01,3,4,1,1,1,0,1,2584.575969616965,252.43618863143712,2308.3437189974993,0,38734.9163450564,39.249979134835314,114538.19418981194
525,2023-06-01,4,4,0,2,1,0,1,649.2337156416633,120.91687813627131,490.78025922519095,0,105.14991266688149,39.249979134835314,114538.19418981194
526,2023-06-01,5,4,1,0,1,1,1,3121.518483573993,304.1963518520384,2787.295592633861,0,112794.96332893026,39.249979134835314,114538.19418981194
527,2023-06-01,6,4,2,0,0,2,0,794.4488660366318,74.63018709864336,636.2615413378853,50,5852.205268416195,39.249979134835314,114538.19418981194
528,2023-06-01,7,4,2,1,1,0,0,1470.7194397669593,143.58380342812936,1302.5270544802165,0,5775.553907166259,39.249979134835314,114538.19418981194
529,2023-06-01,8,4,1,1,1,1,0,2401.2730577061398,236.6618658424207,2163.8260676123127,0,55979.81743762673,39.249979134835314,114538.19418981194
530,2023-06-01,9,4,1,0,1,0,2,2185.5982296970415,208.0894241560623,1984.8100032475327,0,13031.812064741302,39.249979134835314,114538.19418981194
531,2023-07-01,0,4,1,0,1,1,1,2512.5275452704955,245.13444569944662,2215.249754282385,0,71778.93627610113,39.249979134835314,116539.93821724578
532,2023-07-01,1,4,0,1,0,2,1,1659.408961198848,160.40893623663783,1486.643717279057,0,51422.63501793196,39.249979134835314,116539.93821724578
533,2023-07-01,2,4,1,2,1,0,0,1756.8132106995108,173.28041030049368,1584.3446237140615,50,5545.052328431274,39.249979134835314,116539.93821724578
534,2023-07-01,3,4,1,1,1,0,1,1884.244794115408,182.40307108128144,1571.594522181377,0,39166.585496267326,39.249979134835314,116539.93821724578
535,2023-07-01,4,4,0,2,1,0,1,262.6287789526246,82.25638446736745,93.42284193392513,50,213.0931041157169,39.249979134835314,116539.93821724578
536,2023-07-01,5,4,1,0,1,1,1,2569.1184482538965,248.9563483200287,2185.3671313482487,0,113980.61622938873,39.249979134835314,116539.93821724578
537,2023-07-01,6,4,2,0,0,2,0,948.5876580042404,90.04406629540422,825.8104758553989,0,6033.304823721406,39.249979134835314,116539.93821724578
538,2023-07-01,7,4,2,1,1,0,0,1180.9766610681258,114.609525558246,1002.5114521543304,50,5502.755269579064,39.249979134835314,116539.93821724578
539,2023-07-01,8,4,1,1,1,1,0,1960.4526934049945,192.57982941230614,1689.1364282806405,0,56724.21104875591,39.249979134835314,116539.93821724578
540,2023-07-01,9,4,1,0,1,0,2,1783.4216677461673,167.8717679609749,1470.6282554536865,0,13227.274781072472,39.249979134835314,116539.93821724578
541,2023-08-01,0,4,1,0,1,1,1,2570.762292313333,250.95792040373027,2264.444758337856,0,73187.25943121762,39.249979134835314,118783.96825592149
542,2023-08-01,1,4,0,1,0,2,1,2054.897374403359,199.9577775570889,1839.168839334252,0,52256.354335359465,39.249979134835314,118783.96825592149
543,2023-08-01,2,4,1,2,1,0,0,1472.2783840621014,144.82692763675277,1274.988866067034,0,5864.524333795256,39.249979134835314,118783.96825592149
544,2023-08-01,3,4,1,1,1,0,1,2663.1804467982793,260.29663634956853,2420.563292414404,0,40151.77413267503,39.249979134835314,118783.96825592149
545,2023-08-01,4,4,0,2,1,0,1,528.9080132204053,108.88430789414551,398.36256987060966,0,155.16144728918312,39.249979134835314,118783.96825592149
546,2023-08-01,5,4,1,0,1,1,1,2769.0047764490923,268.94498113954825,2440.493463075453,0,115205.9782225024,39.249979134835314,118783.96825592149
547,2023-08-01,6,4,2,0,0,2,0,1025.0985995255378,97.69516044753394,886.9075381799353,50,6702.284840880274,39.249979134835314,118783.96825592149
548,2023-08-01,7,4,2,1,1,0,0,937.1641568493133,121.27552336810508,787.673225805401,0,5294.382634540684,39.249979134835314,118783.96825592149
549,2023-08-01,8,4,1,1,1,1,0,2203.5295385393215,216.88751392573883,1976.295309845082,0,56481.68740428135,39.249979134835314,118783.96825592149
550,2023-08-01,9,4,1,0,1,0,2,1700.6157067354798,159.59117185990613,1428.0399506380866,0,13385.868039527511,39.249979134835314,118783.96825592149
551,2023-09-01,0,4,1,0,1,1,1,2167.408838163675,210.62257498876446,1855.2678294839145,0,74404.92210918124,39.249979134835314,121041.18768186324
552,2023-09-01,1,4,0,1,0,2,1,1890.2432308767761,183.49236320443063,1634.9658544872175,0,53014.84579433755,39.249979134835314,121041.18768186324
553,2023-09-01,2,4,1,2,1,0,0,1399.5307185261356,137.55216108315614,1230.6946831948087,50,5678.364067412692,39.249979134835314,121041.18768186324
554,2023-09-01,3,4,1,1,1,0,1,3073.8246220051715,301.36105387025776,2753.3139023530084,0,41525.97909509936,39.249979134835314,121041.18768186324
555,2023-09-01,4,4,0,2,1,0,1,350.7008244220363,91.06358901430862,193.52745764546262,50,91.98132788445204,39.249979134835314,121041.18768186324
556,2023-09-01,5,4,1,0,1,1,1,3423.282031046042,334.3727065992432,3074.782084852884,0,117745.09134528234,39.249979134835314,121041.18768186324
557,2023-09-01,6,4,2,0,0,2,0,1143.0910751135486,109.49440800633509,997.2489196158168,0,6325.094568666741,39.249979134835314,121041.18768186324
558,2023-09-01,7,4,2,1,1,0,0,1311.5809145697895,127.66995090841236,1155.4239857160185,50,5529.674536801153,39.249979134835314,121041.18768186324
559,2023-09-01,8,4,1,1,1,1,0,1940.9141947397973,190.62597954578646,1689.372281532126,0,56431.86215552771,39.249979134835314,121041.18768186324
560,2023-09-01,9,4,1,0,1,0,2,2328.4621352185573,266.1621679368671,2064.166975222233,0,13518.130901587729,39.249979134835314,121041.18768186324
561,2023-10-01,0,4,1,0,1,1,1,2235.201867789649,217.40187795136188,1963.396204524854,0,75520.32123812495,39.249979134835314,123130.10012999266
562,2023-10-01,1,4,0,1,0,2,1,1044.7644059799902,98.94448071475209,805.9524439430901,0,53248.715794958436,39.249979134835314,123130.10012999266
563,2023-10-01,2,4,1,2,1,0,0,1042.6478798722792,101.86387721777052,881.0866110945491,0,5153.601858448977,39.249979134835314,123130.10012999266
564,2023-10-01,3,4,1,1,1,0,1,1936.9628539913006,187.67487706887061,1575.3877168184486,0,41991.99927824649,39.249979134835314,123130.10012999266
565,2023-10-01,4,4,0,2,1,0,1,480.1769679271239,104.01120336481738,340.82432003038707,0,75.68972488513609,39.249979134835314,123130.10012999266
566,2023-10-01,5,4,1,0,1,1,1,2546.124024434887,246.65690593812766,2132.1963527820335,0,119443.40532539086,39.249979134835314,123130.10012999266
567,2023-10-01,6,4,2,0,0,2,0,1519.8319879399735,147.16849928897756,1362.1905848834406,50,6732.898303983859,39.249979134835314,123130.10012999266
568,2023-10-01,7,4,2,1,1,0,0,1109.9547676580967,107.50733621724304,947.4034112640179,0,5651.36241767285,39.249979134835314,123130.10012999266
569,2023-10-01,8,4,1,1,1,1,0,2049.207054583136,201.45526553012033,1823.926675755417,0,57686.169410537725,39.249979134835314,123130.10012999266
570,2023-10-01,9,4,1,0,1,0,2,2424.992815492803,232.02888273563843,2054.1266594195176,0,12809.195992058474,39.249979134835314,123130.10012999266
571,2023-11-01,0,4,1,0,1,1,1,2616.077769637665,255.48946813616348,2337.492803410273,0,77279.00829459757,39.249979134835314,125059.90304741016
572,2023-11-01,1,4,0,1,0,2,1,1210.9019439563901,115.55823451239205,1056.6378644091683,0,53326.275939391366,39.249979134835314,125059.90304741016
573,2023-11-01,2,4,1,2,1,0,0,1884.707551351489,186.0698443656915,1758.8345664391445,50,5300.402222539509,39.249979134835314,125059.90304741016
574,2023-11-01,3,4,1,1,1,0,1,1950.5537099830035,189.0339626680409,1702.6647496115388,0,41910.50317792766,39.249979134835314,125059.90304741016
575,2023-11-01,4,4,0,2,1,0,1,457.352259518319,101.72873252393688,305.05199727107345,50,435.6817961328214,39.249979134835314,125059.90304741016
576,2023-11-01,5,4,1,0,1,1,1,2016.6853340151795,193.71303689615695,1690.4734630234418,0,120672.37284580887,39.249979134835314,125059.90304741016
577,2023-11-01,6,4,2,0,0,2,0,1275.41946998632,122.72724749361215,1080.1039756471441,0,6362.0966251124455,39.249979134835314,125059.90304741016
578,2023-11-01,7,4,2,1,1,0,0,991.2636884547363,95.63822829690704,848.8749467518272,50,5287.216147374513,39.249979134835314,125059.90304741016
579,2023-11-01,8,4,1,1,1,1,0,2110.299898621844,207.56454993399112,1874.1902338097907,0,58344.7333536882,39.249979134835314,125059.90304741016
580,2023-11-01,9,4,1,0,1,0,2,1285.5076930256294,118.08037048892108,948.7748221535724,0,12094.983851594943,39.249979134835314,125059.90304741016
581,2023-12-01,0,4,1,0,1,1,1,2423.0761904504816,236.1893102174451,2106.4036340382872,0,78019.02282190202,39.249979134835314,127243.64038292367
582,2023-12-01,1,4,0,1,0,2,1,1874.8972820901638,181.95776832576942,1704.019448745302,0,53845.5507267728,39.249979134835314,127243.64038292367
583,2023-12-01,2,4,1,2,1,0,0,1362.759696659586,133.87505889650117,1152.6807445993206,0,5347.759227019314,39.249979134835314,127243.64038292367
584,2023-12-01,3,4,1,1,1,0,1,2737.1060393131984,267.6891956010604,2487.8579933425626,0,43344.59696077985,39.249979134835314,127243.64038292367
585,2023-12-01,4,4,0,2,1,0,1,633.6026067213884,119.35376724424385,483.5848153150233,0,492.8822433638833,39.249979134835314,127243.64038292367
586,2023-12-01,5,4,1,0,1,1,1,2419.6053649000105,234.0050399846401,2146.337362950244,0,122172.18969925414,39.249979134835314,127243.64038292367
587,2023-12-01,6,4,2,0,0,2,0,1017.806681294614,96.96596862444157,846.9324387508037,50,7067.323652514642,39.249979134835314,127243.64038292367
588,2023-12-01,7,4,2,1,1,0,0,1502.0927956622695,146.7211390176603,1371.5731618796965,0,5635.070941072356,39.249979134835314,127243.64038292367
589,2023-12-01,8,4,1,1,1,1,0,1988.41437435409,195.3759975072157,1746.1954251381655,0,58950.758835700646,39.249979134835314,127243.64038292367
590,2023-12-01,9,4,1,0,1,0,2,1378.7524680647311,127.40484799283124,1155.9681094393916,0,11567.168565076014,39.249979134835314,127243.64038292367
591,2024-01-01,0,4,1,0,1,1,1,2111.4232432785075,205.02401550024769,1814.0508447850318,0,79534.10436340382,39.24997913483531,129287.7092580385
592,2024-01-01,1,4,0,1,0,2,1,1871.4568855520774,181.6137286719608,1634.1795183938384,0,54313.86216199126,39.24997913483531,129287.7092580385
593,2024-01-01,2,4,1,2,1,0,0,1472.279973259915,144.8270865565341,1314.3958066688397,50,5252.017353402672,39.24997913483531,129287.7092580385
594,2024-01-01,3,4,1,1,1,0,1,1999.3727929802099,193.91587096776158,1671.4695140765552,0,43818.46930355469,39.24997913483531,129287.7092580385
595,2024-01-01,4,4,0,2,1,0,1,681.2088651342978,124.11439308553477,513.5660390076257,50,228.63762290713174,39.24997913483531,129287.7092580385
596,2024-01-01,5,4,1,0,1,1,1,2329.261424205067,224.97064591514572,2015.7014191668172,0,124087.85819781905,39.24997913483531,129287.7092580385
597,2024-01-01,6,4,2,0,0,2,0,1441.0392085248836,139.28922134746853,1295.9262448502436,0,6987.775540016777,39.24997913483531,129287.7092580385
598,2024-01-01,7,4,2,1,1,0,0,1209.5818718963576,117.47004664106916,1027.9793273930309,50,5689.025104084589,39.24997913483531,129287.7092580385
599,2024-01-01,8,4,1,1,1,1,0,2374.7812340104383,234.01268347285054,2144.7508372212897,0,59976.07088522299,39.24997913483531,129287.7092580385
600,2024-01-01,9,4,1,0,1,0,2,1451.0233966822275,134.63194085458093,1218.914560552978,0,11468.598649955104,39.24997913483531,129287.7092580385
601,2024-02-01,0,4,1,0,1,1,1,2417.9705588633396,235.67874705873092,2151.763455087061,0,80249.46061031806,39.24997913483531,131358.01954371334
602,2024-02-01,1,4,0,1,0,2,1,1358.5532305623897,130.32336317299203,1121.6199030579594,0,54961.28978410063,39.24997913483531,131358.01954371334
603,2024-02-01,2,4,1,2,1,0,0,1577.7445369727263,155.37354292781527,1408.9083427216185,0,4929.614374005212,39.24997913483531,131358.01954371334
604,2024-02-01,3,4,1,1,1,0,1,1956.51484246036,189.63007591577656,1702.3848881900037,0,44255.37352277569,39.24997913483531,131358.01954371334
605,2024-02-01,4,4,0,2,1,0,1,396.891976574301,95.68270422953509,224.48852460633805,0,206.26960154799878,39.24997913483531,131358.01954371334
606,2024-02-01,5,4,1,0,1,1,1,2724.997147619871,264.54421825662615,2420.4715366511155,0,126472.06023287163,39.24997913483531,131358.01954371334
607,2024-02-01,6,4,2,0,0,2,0,1305.1068629999954,125.69598679497972,1117.6706466023286,50,7232.584922591137,39.24997913483531,131358.01954371334
608,2024-02-01,7,4,2,1,1,0,0,1348.209017203746,131.332761171808,1195.8575650770108,0,5996.278960416868,39.24997913483531,131358.01954371334
609,2024-02-01,8,4,1,1,1,1,0,2054.502072548478,201.98476732665443,1785.8349897936937,0,59983.36213289827,39.24997913483531,131358.01954371334
610,2024-02-01,9,4,1,0,1,0,2,1019.4569362073337,135.26164803574477,780.1210072163343,0,10446.952527718053,39.24997913483531,131358.01954371334
611,2024-03-01,0,4,1,0,1,1,1,2291.4205008574286,223.0237412581398,1994.558665522667,0,81689.74860176705,39.24997913483531,133226.08794152297
612,2024-03-01,1,4,0,1,0,2,1,1295.4144459754084,124.00948471429388,1109.7714839699465,0,55218.88643901389,39.24997913483531,133226.08794152297
613,2024-03-01,2,4,1,2,1,0,0,1240.9097043366812,121.69005966421074,1061.527053714292,50,4791.129341632321,39.24997913483531,133226.08794152297
614,2024-03-01,3,4,1,1,1,0,1,2038.3007562797907,197.80866729771964,1788.4565970614196,0,45287.53584367098,39.24997913483531,133226.08794152297
615,2024-03-01,4,4,0,2,1,0,1,318.0505918256714,87.79856575467214,174.0788287137081,50,144.52104093322743,39.24997913483531,133226.08794152297
616,2024-03-01,5,4,1,0,1,1,1,2602.382039375307,252.28270743216973,2258.282856065071,0,128072.44799800565,39.24997913483531,133226.08794152297
617,2024-03-01,6,4,2,0,0,2,0,1077.2280852982049,102.90810902480067,903.3851034530269,0,6592.497876397742,39.24997913483531,133226.08794152297
618,2024-03-01,7,4,2,1,1,0,0,1244.2124831623846,120.93310776767186,1077.9983165049105,50,5919.880397838898,39.24997913483531,133226.08794152297
619,2024-03-01,8,4,1,1,1,1,0,2211.2592156700903,217.66048163881572,1974.6200490615029,0,61226.08724858337,39.24997913483531,133226.08794152297
620,2024-03-01,9,4,1,0,1,0,2,818.3504805798535,115.15100247299675,578.3848444076905,0,10229.167472695246,39.24997913483531,133226.08794152297
621,2024-04-01,0,4,1,0,1,1,1,1511.1844548768,218.28424002865142,1226.9776253426296,0,82595.57289034636,39.24997913483531,134933.99428979997
622,2024-04-01,1,4,0,1,0,2,1,987.8157031277551,93.24961042952856,808.4866195809917,0,54935.07093439472,39.24997913483531,134933.99428979997
623,2024-04-01,2,4,1,2,1,0,0,1114.6223105280849,109.06132028335111,968.9231431693001,0,4775.179755833714,39.24997913483531,134933.99428979997
624,2024-04-01,3,4,1,1,1,0,1,1693.0173589097594,163.28032756071656,1434.9946083094458,0,45591.99008466282,39.24997913483531,134933.99428979997
625,2024-04-01,4,4,0,2,1,0,1,388.13811113499,94.80731768560399,252.05048649788972,0,153.80150543620044,39.24997913483531,134933.99428979997
626,2024-04-01,5,4,1,0,1,1,1,2029.3811399479491,194.98261748943395,1697.5434674621697,0,129480.80169799255,39.24997913483531,134933.99428979997
627,2024-04-01,6,4,2,0,0,2,0,1008.8420568728332,96.0695061822635,857.7869527978343,50,6555.311692183172,39.24997913483531,134933.99428979997
628,2024-04-01,7,4,2,1,1,0,0,1247.3026329251452,121.24212274394793,1091.4881196718075,0,5936.438782375855,39.24997913483531,134933.99428979997
629,2024-04-01,8,4,1,1,1,1,0,2184.813572092339,215.01591728104063,1932.4986911715903,0,62358.94402310546,39.24997913483531,134933.99428979997
630,2024-04-01,9,4,1,0,1,0,2,834.0568108048634,116.72163549549772,614.2018201954482,50,9574.754422902548,39.24997913483531,134933.99428979997
631,2024-05-01,0,4,1,0,1,1,1,2635.172709864728,257.3989621588698,2355.7053815600466,0,84191.10144518605,39.24997913483531,137056.88512498073
632,2024-05-01,1,4,0,1,0,2,1,1592.9920931631013,153.7672494330632,1444.4228839011034,0,55127.33488298242,39.24997913483531,137056.88512498073
633,2024-05-01,2,4,1,2,1,0,0,1060.640255325754,103.66311476311802,927.5698273478289,50,4669.07696527826,39.24997913483531,137056.88512498073
634,2024-05-01,3,4,1,1,1,0,1,1912.3122765824082,185.2098193279814,1688.8178657190974,0,46030.34414683863,39.24997913483531,137056.88512498073
635,2024-05-01,4,4,0,2,1,0,1,520.1010196489713,108.00360853700212,377.00464308093916,50,76.58493574376868,39.24997913483531,137056.88512498073
636,2024-05-01,5,4,1,0,1,1,1,1766.4942659887017,168.6939300935092,1491.9566834456582,0,130525.50924361266,39.24997913483531,137056.88512498073
637,2024-05-01,6,4,2,0,0,2,0,1597.8729775883594,154.97259825381613,1453.6564763558977,0,6731.22066253151,39.24997913483531,137056.88512498073
638,2024-05-01,7,4,2,1,1,0,0,1712.9381737414124,167.80567682557464,1556.8146455117985,50,6151.490442295819,39.24997913483531,137056.88512498073
639,2024-05-01,8,4,1,1,1,1,0,2113.779413654232,207.9125014372299,1864.1090970912583,0,63029.49064195663,39.24997913483531,137056.88512498073
640,2024-05-01,9,4,1,0,1,0,2,2817.3453106259713,271.2641322489553,2595.919686994055,0,9726.365177232168,39.24997913483531,137056.88512498073
641,2024-06-01,0,4,1,0,1,1,1,2923.779689441274,286.2596601165244,2605.197639006374,0,85153.0004434221,39.24997913483531,139206.96514412272
642,2024-06-01,1,4,0,1,0,2,1,1327.9255647719253,127.26059659394556,1118.8387165063923,0,54907.33867945031,39.24997913483531,139206.96514412272
643,2024-06-01,2,4,1,2,1,0,0,1287.250322050369,126.32412143557951,1159.578099592677,0,4969.107055655544,39.24997913483531,139206.96514412272
644,2024-06-01,3,4,1,1,1,0,1,2790.3423988450513,273.01283155424574,2544.9184962144755,0,47932.502245518146,39.24997913483531,139206.96514412272
645,2024-06-01,4,4,0,2,1,0,1,453.63686414997915,101.3571929871029,297.3441967305489,0,192.00164476558717,39.24997913483531,139206.96514412272
646,2024-06-01,5,4,1,0,1,1,1,2304.178207300648,222.46232422470382,2055.929312153529,0,131767.577150177,39.24997913483531,139206.96514412272
647,2024-06-01,6,4,2,0,0,2,0,1076.052535236111,102.79055401859128,872.9329419320966,50,7076.686297936142,39.24997913483531,139206.96514412272
648,2024-06-01,7,4,2,1,1,0,0,1322.3806901849828,128.74992846993166,1119.693607873742,0,5723.666758238295,39.24997913483531,139206.96514412272
649,2024-06-01,8,4,1,1,1,1,0,2315.3783570798596,228.07239577979266,2072.8114563606964,0,63771.68507052383,39.24997913483531,139206.96514412272
650,2024-06-01,9,4,1,0,1,0,2,1700.6157067354798,159.59117185990613,1324.6475863501062,50,9227.681441872497,39.24997913483531,139206.96514412272
651,2024-07-01,0,4,1,0,1,1,1,2284.9695095175794,222.3786421241549,1937.5267611250247,0,85998.07408465518,39.24997913483531,141160.60724824588
652,2024-07-01,1,4,0,1,0,2,1,1291.4211189608732,123.61015201284036,1108.8409235344582,0,55354.3912138419,39.24997913483531,141160.60724824588
653,2024-07-01,2,4,1,2,1,0,0,1599.3471199883918,157.53380122938177,1449.0138908582383,50,5343.610991479693,39.24997913483531,141160.60724824588
654,2024-07-01,3,4,1,1,1,0,1,2000.2745230965145,194.00604397939202,1667.0476082396742,0,47450.673491971815,39.24997913483531,141160.60724824588
655,2024-07-01,4,4,0,2,1,0,1,483.25859640279555,104.31936621238455,333.6123445332644,50,163.48542838522013,39.24997913483531,141160.60724824588
656,2024-07-01,5,4,1,0,1,1,1,2767.0566365589143,268.75016715053044,2465.0393472806,0,133584.34384282824,39.24997913483531,141160.60724824588
657,2024-07-01,6,4,2,0,0,2,0,990.7849849547347,94.26379899045364,839.8474358859451,0,6761.71093414282,39.24997913483531,141160.60724824588
658,2024-07-01,7,4,2,1,1,0,0,1162.618895884727,112.7737490399061,998.987561929129,50,5781.086693255953,39.24997913483531,141160.60724824588
659,2024-07-01,8,4,1,1,1,1,0,1507.221783453994,147.2567384172061,1244.4949883922684,0,64025.87033679692,39.24997913483531,141160.60724824588
660,2024-07-01,9,4,1,0,1,0,2,1950.208016788732,184.55040286523138,1685.9128567924076,0,9142.783563661502,39.24997913483531,141160.60724824588
661,2024-08-01,0,4,1,0,1,1,1,2637.2099621865996,257.602687391057,2353.6482317864147,0,87070.43548216253,39.24997913483531,143412.29892202458
662,2024-08-01,1,4,0,1,0,2,1,2446.2311510865275,239.09115522540583,2267.3014002412174,0,56327.08518852792,39.24997913483531,143412.29892202458
663,2024-08-01,2,4,1,2,1,0,0,1025.0340146213518,100.10249069267776,843.4911056973958,0,5339.81251568188,39.24997913483531,143412.29892202458
664,2024-08-01,3,4,1,1,1,0,1,2491.432498413213,243.12184151106186,2237.2123711312265,0,48285.13340622079,39.24997913483531,143412.29892202458
665,2024-08-01,4,4,0,2,1,0,1,469.80970840490886,102.97447741259589,317.20128331009624,0,75.5231487734982,39.24997913483531,143412.29892202458
666,2024-08-01,5,4,1,0,1,1,1,2545.8450652172123,246.6290100163602,2197.539933013072,0,135610.2819752892,39.24997913483531,143412.29892202458
667,2024-08-01,6,4,2,0,0,2,0,1424.2748886501006,137.61278935999024,1281.8640946094488,50,6839.059179180789,39.24997913483531,143412.29892202458
668,2024-08-01,7,4,2,1,1,0,0,1361.5608576843422,132.66794521986762,1213.90570315877,0,5958.926559800171,39.24997913483531,143412.29892202458
669,2024-08-01,8,4,1,1,1,1,0,1890.554354573644,185.58999552917112,1708.643216874505,0,63584.03185161359,39.24997913483531,143412.29892202458
670,2024-08-01,9,4,1,0,1,0,2,2225.7043813244845,212.10003931880667,1936.4499903228352,50,9586.90323007903,39.24997913483531,143412.29892202458
671,2024-09-01,0,4,1,0,1,1,1,2508.5164616222464,244.73333733462164,2189.7306859551595,0,88152.13678134243,39.24997913483531,145737.85331367434
672,2024-09-01,1,4,0,1,0,2,1,2052.7883801077387,199.74687812752694,1758.3776260498635,0,56519.27530305961,39.24997913483531,145737.85331367434
673,2024-09-01,2,4,1,2,1,0,0,1152.9348733130494,112.89257656184756,1028.8232749257977,50,5278.383655279692,39.24997913483531,145737.85331367434
674,2024-09-01,3,4,1,1,1,0,1,2786.7644848795685,272.6550401576974,2483.428560065912,0,50056.196439593616,39.24997913483531,145737.85331367434
675,2024-09-01,4,4,0,2,1,0,1,553.4912754022504,111.34263411233003,402.2277391072264,50,157.64222451358577,39.24997913483531,145737.85331367434
676,2024-09-01,5,4,1,0,1,1,1,3121.4168996453445,304.18619345917347,2795.232924575374,0,136772.8909824067,39.24997913483531,145737.85331367434
677,2024-09-01,6,4,2,0,0,2,0,1544.0054280269023,149.5858432976704,1358.2456436167136,0,7224.528239348661,39.24997913483531,145737.85331367434
678,2024-09-01,7,4,2,1,1,0,0,1104.9478236789078,107.00664181932419,937.398472973374,50,5341.853985980306,39.24997913483531,145737.85331367434
679,2024-09-01,8,4,1,1,1,1,0,2509.2967155347305,247.46423162527975,2289.0523207236265,0,65006.00212211774,39.24997913483531,145737.85331367434
680,2024-09-01,9,4,1,0,1,0,2,2422.1217186619924,231.74177305255745,2105.317691206768,0,9353.699061344614,39.24997913483531,145737.85331367434
681,2024-10-01,0,4,1,0,1,1,1,2516.771667101356,245.5588578825326,2210.855241490704,0,89065.08850121456,39.24997913483531,148030.45514778528
682,2024-10-01,1,4,0,1,0,2,1,2101.662668506313,204.63430696738433,1846.5961915463163,0,57152.21902181897,39.24997913483531,148030.45514778528
683,2024-10-01,2,4,1,2,1,0,0,871.6153683117511,84.76062606171772,734.7136840553295,0,5179.203059527062,39.24997913483531,148030.45514778528
684,2024-10-01,3,4,1,1,1,0,1,1997.7665694903599,193.7552486187766,1664.897446030068,0,50458.874332335254,39.24997913483531,148030.45514778528
685,2024-10-01,4,4,0,2,1,0,1,682.6239713949424,124.25590371159922,522.9922784001842,0,250.34563743317904,39.24997913483531,148030.45514778528
686,2024-10-01,5,4,1,0,1,1,1,2125.5767718233824,204.6021806769773,1741.8356133105992,0,137990.8190624803,39.24997913483531,148030.45514778528
687,2024-10-01,6,4,2,0,0,2,0,1385.4883316792539,133.73413366290555,1187.755493331385,50,7486.221433254733,39.24997913483531,148030.45514778528
688,2024-10-01,7,4,2,1,1,0,0,1158.4153474388556,112.35339419531894,1016.5273001338652,0,5071.813251196224,39.24997913483531,148030.45514778528
689,2024-10-01,8,4,1,1,1,1,0,2573.142512913627,253.84881136316943,2291.023882006414,0,66358.12423275776,39.24997913483531,148030.45514778528
690,2024-10-01,9,4,1,0,1,0,2,3013.695276825966,290.8991288689548,2677.2495156369905,0,10086.30346843075,39.24997913483531,148030.45514778528
691,2024-11-01,0,4,1,0,1,1,1,2119.720731406296,205.8537643130266,1812.9787852477334,0,90907.2903884496,39.24997913483531,150099.02579545215
692,2024-11-01,1,4,0,1,0,2,1,1815.2866544658596,175.996705563339,1555.3327486660055,0,57930.2862967271,39.24997913483531,150099.02579545215
693,2024-11-01,2,4,1,2,1,0,0,1214.88116671695,119.08720590223763,1106.1114329606585,50,5414.364311099587,39.24997913483531,150099.02579545215
694,2024-11-01,3,4,1,1,1,0,1,3128.9108496840636,306.86967663814687,2874.9415177626925,0,51673.80396324751,39.24997913483531,150099.02579545215
695,2024-11-01,4,4,0,2,1,0,1,708.6754679695553,126.86105336906053,536.1305053755278,50,265.5838873683257,39.24997913483531,150099.02579545215
696,2024-11-01,5,4,1,0,1,1,1,3155.053762403123,307.54987973495133,2870.896616672536,0,140602.84393707357,39.24997913483531,150099.02579545215
697,2024-11-01,6,4,2,0,0,2,0,919.1308446134842,87.0983849563286,737.2497159003804,0,7036.891361948092,39.24997913483531,150099.02579545215
698,2024-11-01,7,4,2,1,1,0,0,1209.4257485579044,117.4544343072238,1062.190948876919,50,5418.120663374306,39.24997913483531,150099.02579545215
699,2024-11-01,8,4,1,1,1,1,0,2022.6842690925214,198.80298698105884,1734.1810584474185,0,65945.22530607479,39.24997913483531,150099.02579545215
700,2024-11-01,9,4,1,0,1,0,2,1392.6771261346644,128.79731379982462,997.0740091292912,50,9327.463806859041,39.24997913483531,150099.02579545215
